COUNTRY,WHO Region,Cases - cumulative total,Cases - cumulative total per 100000 population,Cases - newly reported in last 7 days,Cases - newly reported in last 7 days per 100000 population,Cases - newly reported in last 24 hours,Deaths - cumulative total,Deaths - cumulative total per 100000 population,Deaths - newly reported in last 7 days,Deaths - newly reported in last 7 days per 100000 population,Deaths - newly reported in last 24 hours,Case_Fatality_Ratio,ISO3,WHO_REGION,DATA_SOURCE,DATE_UPDATED,TOTAL_VACCINATIONS,PERSONS_VACCINATED_1PLUS_DOSE,TOTAL_VACCINATIONS_PER100,PERSONS_VACCINATED_1PLUS_DOSE_PER100,PERSONS_FULLY_VACCINATED,PERSONS_FULLY_VACCINATED_PER100,VACCINES_USED,FIRST_VACCINE_DATE,NUMBER_VACCINES_TYPES_USED,PERSONS_BOOSTER_ADD_DOSE,PERSONS_BOOSTER_ADD_DOSE_PER100,Alcoholic Beverages,Animal Products,Cereals - Excluding Beer,Eggs,"Fish, Seafood",Fruits - Excluding Wine,Meat,Milk - Excluding Butter,Sugar & Sweeteners,Treenuts,Vegetable Oils,Vegetables,Vegetal Products,Obesity,Undernourished,Predicted Correlations
Albania,Europe,275416,9570.366,225,7.818,44,3497,121.516,1,0.035,0,1.26971110613742,ALB,EURO,REPORTING,5/1/2022,2825500,1299321,98.2,45.655,1230636,43.242,"AstraZeneca - Vaxzevria,Gamaleya - Gam-Covid-Vac,Pfizer BioNTech - Comirnaty,SII - Covishield,Sinovac - CoronaVac",1/13/2021,5,295543,10.385,1.6719,18.7684,5.7817,0.5815,0.2126,6.7861,1.8845,15.7213,1.5367,0.1515,0.3261,11.7753,31.2304,22.3,6.2,0.0536
Algeria,Africa,265800,606.143,18,0.041,0,6875,15.678,0,0.0,0,2.58651836282857,DZA,AFRO,REPORTING,5/8/2022,15205854,7840131,34.676,17.879,6481186,14.78,"Beijing CNBG - BBIBP-CorV,Gamaleya - Gam-Covid-Vac,SII - Covishield,Sinovac - CoronaVac",1/30/2021,4,514063,1.172,0.2711,9.6334,13.6816,0.5277,0.2416,6.3801,1.1305,7.6189,1.8342,0.1152,1.031,11.6484,40.3651,26.6,3.9,1.01
Angola,Africa,99287,302.094,0,0.0,0,1900,5.781,0,0.0,0,1.91364277344138,AGO,AFRO,REPORTING,5/8/2022,17896626,12059919,54.453,36.694,6327907,19.253,SII - Covishield,3/10/2021,1,369899,1.125,5.8087,4.9278,9.1085,0.0587,1.7707,6.0005,2.0571,0.8311,1.8495,0.0061,0.6463,2.3041,45.0722,6.8,25.0,4.07
Argentina,Americas,9101319,20137.544,17646,39.043,0,128729,284.825,76,0.168,0,1.41439790274325,ARG,AMRO,REPORTING,5/6/2022,99115622,41035648,219.303,90.795,37278843,82.483,"AstraZeneca - Vaxzevria,Beijing CNBG - BBIBP-CorV,CanSino - Convidecia,Gamaleya - Gam-Covid-Vac,Moderna - Spikevax,Pfizer BioNTech - Comirnaty,SII - Covishield",12/29/2020,7,21113527,46.716,4.2672,19.3454,8.4102,0.9979,0.4693,6.0435,7.0421,10.2328,3.0536,0.02,0.9541,4.3503,30.6559,28.5,4.6,2.69
Armenia,Europe,422900,14271.57,23,0.776,0,8623,291.0,1,0.034,0,2.0390188325461,ARM,EURO,REPORTING,4/17/2022,2154689,1131339,72.7,38.179,987673,33.331,"AstraZeneca - Vaxzevria,Beijing CNBG - BBIBP-CorV,Gamaleya - Gam-Covid-Vac,Gamaleya - Sputnik-Light,Moderna - Spikevax,Pfizer BioNTech - Comirnaty,Sinovac - CoronaVac,Wuhan CNBG - Inactivated",6/16/2021,8,41766,1.409,0.4014,13.564,7.2982,0.5783,0.2896,6.0989,2.2675,9.9407,2.6579,0.1108,0.4705,16.7019,36.4358,20.9,4.3,0.107
Australia,Western Pacific,6328508,24817.791,305766,1199.088,48015,7565,29.667,254,0.996,49,0.119539245052068,AUS,WPRO,REPORTING,5/7/2022,58068709,22288752,227.721,87.407,21553633,84.524,"AstraZeneca - Vaxzevria,Janssen - Ad26.COV 2-S,Moderna - Spikevax,Novavax-NUVAXOVID,Pfizer BioNTech - Comirnaty",2/21/2021,5,13497494,52.932,5.5436,21.4175,5.4979,0.4428,1.4264,4.1883,6.7049,12.1018,2.5364,0.3176,1.2798,5.1406,28.5806,30.4,0.0,0.549
Austria,Europe,4231050,47534.205,36813,413.58,4787,19816,222.625,51,0.573,3,0.468346951421613,AUT,EURO,REPORTING,5/1/2022,18278212,6823343,205.3,76.658,6608360,74.242,"AstraZeneca - Vaxzevria,Janssen - Ad26.COV 2-S,Moderna - Spikevax,Novavax-NUVAXOVID,Pfizer BioNTech - Comirnaty,Unknown Vaccine",12/30/2020,6,5197422,58.391,7.0215,19.5654,6.2116,0.7884,0.7562,4.6069,4.681,12.3776,2.6094,0.2367,0.8109,5.1098,30.4338,21.9,0.0,0.133
Azerbaijan,Europe,792638,7817.579,53,0.523,6,9709,95.757,0,0.0,0,1.22489328217854,AZE,EURO,REPORTING,4/24/2022,13499692,5362072,133.1,52.885,4843392,47.769,"AstraZeneca - Vaxzevria,Gamaleya - Gam-Covid-Vac,Gamaleya - Sputnik-Light,Pfizer BioNTech - Comirnaty,Sinovac - CoronaVac",1/20/2021,5,3294230,32.49,3.5969,11.6416,13.0898,0.5593,0.202,4.7988,2.1513,8.3212,1.5523,0.1906,0.2235,10.0755,38.3584,19.9,0.0,0.366
Bangladesh,South-East Asia,1952855,1185.781,112,0.068,0,29127,17.686,0,0.0,0,1.49150644174599,BGD,SEARO,REPORTING,5/10/2022,258739535,128838366,157.108,78.231,116692702,70.856,"AstraZeneca - Vaxzevria,Beijing CNBG - BBIBP-CorV,Gamaleya - Gam-Covid-Vac,Janssen - Ad26.COV 2-S,Moderna - Spikevax,Pfizer BioNTech - Comirnaty,SII - Covishield,Sinovac - CoronaVac",1/27/2021,8,13208467,8.02,0.0031,5.1926,29.8045,0.2957,2.5221,2.8655,0.4191,1.8778,0.9285,0.0934,0.7615,3.6405,44.8033,3.4,14.7,9.28
Barbados,Americas,73856,25700.217,3363,1170.248,264,430,149.63,32,11.135,24,0.582212982870923,BRB,AMRO,REPORTING,5/6/2022,361863,161776,125.92,56.294,152018,52.899,"AstraZeneca - Vaxzevria,Beijing CNBG - BBIBP-CorV,Janssen - Ad26.COV 2-S,Pfizer BioNTech - Comirnaty,SII - Covishield",1/8/2021,5,48069,16.727,3.565,12.4976,8.0666,0.7792,3.275,5.8723,5.8477,2.2041,4.3344,0.0852,0.8677,5.4725,37.5167,24.8,3.9,0.00642
Belarus,Europe,982867,10401.456,1999,21.155,58,6978,73.847,24,0.254,4,0.709967912184602,BLR,EURO,REPORTING,5/1/2022,12495345,6235073,132.2,65.984,5851853,61.929,"Beijing CNBG - BBIBP-CorV,Chumakov - Covi-Vac,Gamaleya - Gam-Covid-Vac,Gamaleya - Sputnik-Light",2/3/2021,4,691479,7.318,3.7563,12.7089,6.2814,0.7565,0.8372,3.5665,4.1893,6.2104,4.0155,0.1399,0.8804,8.7859,37.2904,26.6,0.0,0.298
Belgium,Europe,4102082,35600.81,17516,152.016,0,31580,274.074,45,0.391,0,0.769853270192448,BEL,EURO,REPORTING,5/1/2022,25303482,9228773,219.6,80.094,9131490,79.25,"AstraZeneca - Vaxzevria,Janssen - Ad26.COV 2-S,Moderna - Spikevax,Pfizer BioNTech - Comirnaty",12/30/2020,4,7130176,61.881,5.373,17.7279,6.6704,0.6487,1.1325,4.1623,3.237,11.6344,3.6514,0.1309,0.564,6.8161,32.2637,24.5,0.0,0.0532
Belize,Americas,57675,14504.763,184,46.274,63,676,170.008,0,0.0,0,1.17208395614599,BLZ,AMRO,REPORTING,5/6/2022,473152,237193,118.994,59.652,211123,53.096,"AstraZeneca - Vaxzevria,Beijing CNBG - BBIBP-CorV,Janssen - Ad26.COV 2-S,Pfizer BioNTech - Comirnaty,SII - Covishield",3/1/2021,5,45848,11.53,3.3803,8.6856,11.07,0.3923,1.0325,12.6094,3.489,3.6317,3.9798,0.034,1.0198,4.7721,41.3122,22.4,7.5,0.0183
Botswana,Africa,306200,13020.772,0,0.0,0,2690,114.389,0,0.0,0,0.878511658141314,BWA,AFRO,REPORTING,5/8/2022,1920000,1479625,81.646,62.919,1339651,56.967,"Bharat - Covaxin,Janssen - Ad26.COV 2-S,Moderna - Spikevax,Pfizer BioNTech - Comirnaty,SII - Covishield,Sinovac - CoronaVac",3/26/2021,6,327708,13.935,4.2717,14.4486,11.432,0.1402,0.3551,2.8465,2.284,11.0217,4.7857,0.015,1.0065,4.0558,35.5491,16.1,26.4,0.0792
Brazil,Americas,30574245,14383.858,113248,53.278,9709,664192,312.474,590,0.278,53,2.17239352613186,BRA,AMRO,REPORTING,5/6/2022,416055006,179112844,195.736,84.265,159915412,75.233,"AstraZeneca - Vaxzevria,Janssen - Ad26.COV 2-S,Pfizer BioNTech - Comirnaty,SII - Covishield,Sinovac - CoronaVac",1/17/2021,5,79853054,37.567,4.3629,17.347,8.4292,0.5042,0.5899,6.0936,6.4784,9.3416,2.7755,0.0513,1.2823,3.307,32.6537,22.3,0.0,13.8
Bulgaria,Europe,1160347,16692.081,2428,34.928,422,37007,532.361,60,0.863,13,3.1893027597937,BGR,EURO,REPORTING,5/1/2022,4383603,2087643,63.1,30.032,2057778,29.602,"AstraZeneca - Vaxzevria,Janssen - Ad26.COV 2-S,Moderna - Spikevax,Pfizer BioNTech - Comirnaty",12/30/2020,4,743630,10.697,7.0834,17.2483,8.875,0.5924,0.4845,3.9812,4.0073,11.5992,2.3627,0.0797,0.7085,6.2037,32.7435,27.4,3.6,0.0172
Cabo Verde,Africa,56075,10085.667,39,7.015,0,401,72.124,0,0.0,0,0.715113834315569,CPV,AFRO,REPORTING,5/8/2022,756797,354945,136.118,63.841,307145,55.243,"Beijing CNBG - BBIBP-CorV,Moderna - Spikevax,Pfizer BioNTech - Comirnaty,SII - Covishield",3/18/2021,4,70,0.013,3.9814,9.7559,14.7961,0.4602,1.0598,4.6402,3.0725,5.0192,2.1396,0.0258,0.9471,6.6338,40.2437,10.6,12.6,0.0372
Cambodia,Western Pacific,136262,815.015,5,0.03,0,3056,18.279,0,0.0,0,2.2427808077152,KHM,WPRO,REPORTING,5/6/2022,38460280,14932546,230.04,89.315,14192815,84.891,"AstraZeneca - Vaxzevria,Beijing CNBG - BBIBP-CorV,Janssen - Ad26.COV 2-S,Moderna - Spikevax,Pfizer BioNTech - Comirnaty,SII - Covishield,Sinovac - CoronaVac",2/10/2021,7,8586491,51.358,4.5783,6.08,24.8906,0.131,4.2369,2.3184,1.2247,0.3285,2.9923,0.0238,0.2511,3.0072,43.9195,3.5,16.4,0.552
Cameroon,Africa,119780,451.219,0,0.0,0,1927,7.259,0,0.0,0,1.60875317750361,CMR,AFRO,REPORTING,5/8/2022,1828882,1552320,6.89,5.848,1209108,4.555,"Beijing CNBG - BBIBP-CorV,Janssen - Ad26.COV 2-S,Pfizer BioNTech - Comirnaty,SII - Covishield",4/12/2021,4,52011,0.196,5.156,2.933,10.3112,0.0256,1.3206,7.2151,0.876,0.6289,0.6479,0.1324,0.6398,8.859,47.067,9.5,9.9,0.23
Canada,Americas,3794896,10054.794,30050,79.619,2060,39788,105.421,338,0.896,5,1.04846504065623,CAN,AMRO,REPORTING,5/6/2022,82266137,32534718,217.969,86.203,31193378,82.649,"AstraZeneca - Vaxzevria,Janssen - Ad26.COV 2-S,Moderna - Spikevax,Pfizer BioNTech - Comirnaty,SII - Covishield",12/14/2020,5,18538041,49.118,4.8441,16.0365,6.4236,0.7668,1.2148,5.0692,4.4707,8.7596,5.0237,0.1439,1.3441,5.4961,33.9551,31.3,0.0,0.981
Chile,Americas,3583227,18744.451,19577,102.411,1853,57642,301.535,98,0.513,3,1.60866274504385,CHL,AMRO,REPORTING,5/6/2022,52997000,17918425,277.236,93.734,17464675,91.361,"AstraZeneca - Vaxzevria,CanSino - Convidecia,Moderna - Spikevax,Pfizer BioNTech - Comirnaty,Sinovac - CoronaVac",12/21/2020,5,14021464,73.349,4.969,15.0394,10.8579,0.7757,0.8711,3.9109,6.1492,6.9966,3.5582,0.119,0.5435,5.3092,34.9584,28.8,2.7,0.374
China,Western Pacific,1428927,97.121,277804,18.882,51290,15493,1.053,164,0.011,24,1.08421453650601,CHN,WPRO,REPORTING,5/6/2022,3399003302,1295022927,231.022,88.02,1263903146,85.905,"Anhui ZL - Zifivax,Beijing CNBG - BBIBP-CorV,CanSino - Convidecia,IMB - Covidful,Pfizer BioNTech - Comirnaty,Shenzhen - LV-SMENP-DC,Sinovac - CoronaVac,Wuhan CNBG - Inactivated",7/22/2020,8,739107960,50.235,2.3224,13.424,8.9298,1.2059,3.3435,4.2451,6.0732,1.7962,3.1065,0.2665,0.579,13.099,36.5744,6.6,8.5,25.7
Colombia,Americas,6093645,11975.823,978,1.922,0,139809,274.766,12,0.024,0,2.29433918654275,COL,AMRO,REPORTING,5/6/2022,82845381,42136168,162.816,82.81,35534430,69.836,"AstraZeneca - Vaxzevria,Janssen - Ad26.COV 2-S,Moderna - Spikevax,Pfizer BioNTech - Comirnaty,Sinovac - CoronaVac",2/17/2021,5,11597140,22.792,3.1032,12.821,8.1055,0.8132,0.4552,11.3276,3.554,7.7443,4.7518,0.0947,0.9454,3.0981,37.1774,22.1,4.8,4.66
Costa Rica,Americas,857290,16829.017,5216,102.393,0,8421,165.308,16,0.314,0,0.982279594821254,CRI,AMRO,REPORTING,5/6/2022,10698423,4413772,210.015,86.644,4105520,80.593,"AstraZeneca - Vaxzevria,Moderna - Spikevax,Pfizer BioNTech - Comirnaty",12/24/2020,3,2179131,42.777,1.6982,18.677,8.6611,0.7582,1.3317,9.5203,3.8631,12.4535,3.9006,0.0397,1.4363,2.9837,31.3238,25.7,4.8,0.224
Croatia,Europe,1128239,27801.703,4661,114.855,440,15899,391.778,51,1.257,3,1.40918705591524,HRV,EURO,REPORTING,5/1/2022,5243706,2311811,129.2,57.0,2237678,55.14,"AstraZeneca - Vaxzevria,Janssen - Ad26.COV 2-S,Moderna - Spikevax,Novavax-NUVAXOVID,Pfizer BioNTech - Comirnaty,Unknown Vaccine",12/23/2020,6,891125,21.959,4.9846,17.311,5.7726,0.3955,0.9196,3.4094,3.6945,11.8824,3.088,0.0761,0.3808,12.5188,32.6838,27.1,0.0,0.0535
Cyprus,Europe,483664,54466.36,3444,387.836,0,1027,115.653,12,1.351,0,0.212338404842916,CYP,EURO,REPORTING,5/1/2022,1767252,662881,199.0,74.648,659031,74.215,"AstraZeneca - Vaxzevria,Janssen - Ad26.COV 2-S,Moderna - Spikevax,Novavax-NUVAXOVID,Pfizer BioNTech - Comirnaty",12/23/2020,5,459937,51.794,3.4447,16.1736,7.0646,0.5746,1.8209,6.198,5.3167,8.2744,4.2194,0.1781,1.1937,7.3888,33.8191,22.6,5.6,0
Czechia,Europe,3914113,36601.228,4917,45.979,755,40233,376.222,37,0.346,1,1.02789447392312,CZE,EURO,REPORTING,5/1/2022,17563851,6952162,164.2,65.01,6862670,64.173,"AstraZeneca - Vaxzevria,Janssen - Ad26.COV 2-S,Moderna - Spikevax,Novavax-NUVAXOVID,Pfizer BioNTech - Comirnaty",12/23/2020,5,4158810,38.889,9.8498,17.8065,5.6937,0.4964,0.5355,3.3962,4.7618,10.983,3.8081,0.0477,0.9854,4.5289,32.1944,28.5,0.0,0.0572
Denmark,Europe,3124899,53666.945,5800,99.609,1003,6252,107.372,61,1.048,8,0.200071012054068,DNK,EURO,REPORTING,5/1/2022,13200246,4833577,226.7,83.012,4785844,82.192,"AstraZeneca - Vaxzevria,Janssen - Ad26.COV 2-S,Moderna - Spikevax,Pfizer BioNTech - Comirnaty,Unknown Vaccine",12/16/2020,5,3627647,62.301,4.8866,23.2141,6.7226,0.8206,1.1797,3.1098,3.6804,15.9557,2.8728,0.1138,0.0915,5.2431,26.7812,21.3,0.0,0.0247
Dominica,Americas,12493,17353.558,332,461.169,0,63,87.511,0,0.0,0,0.504282752851029,DMA,AMRO,REPORTING,5/6/2022,66479,32611,92.343,45.299,30222,41.98,"AstraZeneca - Vaxzevria,Beijing CNBG - BBIBP-CorV,Pfizer BioNTech - Comirnaty,SII - Covishield",2/12/2021,4,3646,5.065,0.941,8.9011,3.4014,0.1244,1.4188,19.3028,2.782,4.4217,3.1738,0.0035,0.3797,4.6371,41.0989,28.2,6.2,0.00107
Dominican Republic,Americas,580020,5346.836,448,4.13,0,4376,40.34,0,0.0,0,0.75446488353112,DOM,AMRO,REPORTING,5/6/2022,15502635,7208988,142.909,66.455,5964717,54.985,"AstraZeneca - Vaxzevria,SII - Covishield,Sinovac - CoronaVac",2/16/2021,3,2328930,21.469,3.21,11.2417,6.9232,0.6445,0.6059,18.4431,3.5009,6.1202,2.1332,0.0108,1.2948,2.7385,38.7577,26.9,9.5,0.896
Ecuador,Americas,871029,4936.951,1126,6.382,0,35602,201.79,4,0.023,0,4.08734054682738,ECU,AMRO,REPORTING,5/6/2022,34566499,15134584,195.921,85.782,13925623,78.93,"AstraZeneca - Vaxzevria,CanSino - Convidecia,Pfizer BioNTech - Comirnaty,Sinovac - CoronaVac",1/20/2021,4,5915440,33.528,3.2929,15.3469,14.9132,0.6902,0.6893,8.039,4.0115,9.5745,1.737,0.016,1.3777,2.4981,34.6522,19.3,7.9,0.885
Egypt,Eastern Mediterranean,513846,502.124,56,0.055,0,24669,24.106,28,0.027,0,4.80080617536704,EGY,EMRO,REPORTING,5/8/2022,82376780,46490815,80.498,45.43,34569036,33.78,"AstraZeneca - Vaxzevria,Beijing CNBG - BBIBP-CorV,Bharat - Covaxin,CanSino - Convidecia,Gamaleya - Gam-Covid-Vac,Gamaleya - Sputnik-Light,Janssen - Ad26.COV 2-S,Moderna - Spikevax,Pfizer BioNTech - Comirnaty,Sinovac - CoronaVac",1/24/2021,10,2754574,2.692,0.0722,6.7374,17.5311,0.2307,1.5844,6.9387,1.7583,2.7568,1.7984,0.0268,0.3839,10.6559,43.2622,31.1,4.5,8.6
El Salvador,Americas,162089,2498.981,0,0.0,0,4129,63.658,1,0.015,1,2.5473583032444,SLV,AMRO,REPORTING,5/6/2022,10650522,4579500,164.203,70.604,4288368,66.115,"AstraZeneca - Vaxzevria,Beijing CNBG - BBIBP-CorV,Moderna - Spikevax,Pfizer BioNTech - Comirnaty,SII - Covishield,Sinovac - CoronaVac",2/17/2021,6,1597387,24.627,2.1651,12.888,11.7265,0.7533,0.573,5.9517,2.6337,8.7381,3.526,0.0155,0.4565,7.2703,37.1029,22.7,9.0,0.224
Estonia,Europe,573922,43185.279,861,64.787,0,2556,192.329,5,0.376,0,0.445357780367704,EST,EURO,REPORTING,5/1/2022,2066615,841064,155.5,63.287,836478,62.942,"AstraZeneca - Vaxzevria,Janssen - Ad26.COV 2-S,Moderna - Spikevax,Novavax-NUVAXOVID,Pfizer BioNTech - Comirnaty",12/23/2020,5,453413,34.117,6.1949,22.3154,6.3498,0.6145,0.7127,3.5061,3.081,17.3068,2.3886,0.0886,0.3472,4.9558,27.6779,23.8,2.9,0.00111
Ethiopia,Africa,470760,409.486,151,0.131,0,7510,6.533,0,0.0,0,1.59541473945385,ETH,AFRO,REPORTING,5/8/2022,29373478,24769870,25.55,21.546,21291403,18.52,"Beijing CNBG - BBIBP-CorV,Bharat - Covaxin,Janssen - Ad26.COV 2-S,SII - Covishield",3/13/2021,4,346411,0.301,2.4543,5.2956,22.0779,0.0594,0.0608,1.1774,0.7462,4.2647,1.317,0.0802,0.4699,1.8449,44.6989,3.6,20.6,2.26
Fiji,Western Pacific,64725,7220.186,79,8.813,0,862,96.158,0,0.0,0,1.33179394547453,FJI,WPRO,REPORTING,5/5/2022,1447529,687835,161.474,76.729,634655,70.797,"AstraZeneca - Vaxzevria,Moderna - Spikevax,SII - Covishield",3/7/2021,3,125039,13.948,1.8598,7.8511,10.144,0.2682,2.3832,2.1636,3.0004,1.7421,9.7259,0.0157,0.8683,3.9255,42.1469,30.0,3.7,0.0403
Finland,Europe,1052767,19053.599,1459,26.406,0,4150,75.109,0,0.0,0,0.394198492368817,FIN,EURO,REPORTING,5/1/2022,11788503,4527706,213.4,81.945,4333456,78.429,"AstraZeneca - Vaxzevria,Janssen - Ad26.COV 2-S,Moderna - Spikevax,Pfizer BioNTech - Comirnaty,Unknown Vaccine",12/23/2020,5,2927341,52.981,4.5004,26.8865,5.1978,0.3979,1.5306,3.1864,3.4915,20.8378,1.8388,0.046,0.2468,3.8325,23.1132,24.9,0.0,0.137
France,Europe,28172780,43316.509,250885,385.743,48584,143723,220.979,710,1.092,123,0.510149606008185,FRA,EURO,REPORTING,5/1/2022,147030463,54336626,218.4,80.714,52726063,78.321,"AstraZeneca - Vaxzevria,Janssen - Ad26.COV 2-S,Moderna - Spikevax,Novavax-NUVAXOVID,Pfizer BioNTech - Comirnaty,Unknown Vaccine",12/30/2020,6,39676353,58.937,4.1631,21.7097,6.9951,0.611,1.8214,4.878,4.4005,13.784,2.611,0.2093,0.8675,5.1223,28.2903,23.2,0.0,1.09
Gabon,Africa,47608,2138.98,6,0.27,0,304,13.658,0,0.0,0,0.638528644494105,GAB,AFRO,REPORTING,5/8/2022,556657,300871,25.01,13.518,255200,11.466,"Beijing CNBG - BBIBP-CorV,Gamaleya - Gam-Covid-Vac,Pfizer BioNTech - Comirnaty",3/23/2021,3,2126,0.096,6.1881,8.1825,9.1158,0.0701,2.2578,9.0341,4.32,0.9486,1.2508,0.0051,0.4824,2.3979,41.8004,13.4,10.5,0.0337
Georgia,Europe,1655221,41492.815,0,0.0,0,16811,421.415,0,0.0,0,1.01563367055236,GEO,EURO,REPORTING,4/24/2022,2670636,1277876,66.9,32.034,1161430,29.115,"AstraZeneca - Vaxzevria,Beijing CNBG - BBIBP-CorV,Pfizer BioNTech - Comirnaty,Sinovac - CoronaVac",3/17/2021,4,231330,5.799,2.5343,15.5347,15.6253,0.5032,0.6622,3.1735,2.6217,11.3605,3.311,0.1631,0.668,4.0993,34.4636,23.3,7.9,0.085
Germany,Europe,25503878,30665.969,422268,507.737,69020,136987,164.714,80,0.096,5,0.537123089115495,DEU,EURO,REPORTING,5/1/2022,178550662,64498790,214.7,77.554,64415843,77.454,"AstraZeneca - Vaxzevria,Janssen - Ad26.COV 2-S,Moderna - Spikevax,Novavax-NUVAXOVID,Pfizer BioNTech - Comirnaty,Unknown Vaccine",12/23/2020,6,49321652,59.305,6.7714,20.8485,6.0363,0.5947,0.6758,3.6131,4.6524,14.1789,2.507,0.1903,0.8104,5.0542,29.1443,25.7,0.0,0.00867
Ghana,Africa,161269,519.001,47,0.151,0,1445,4.65,0,0.0,0,0.895952030920942,GHA,AFRO,REPORTING,5/8/2022,13047826,9688415,41.991,31.18,6030567,19.408,"Gamaleya - Gam-Covid-Vac,SII - Covishield",3/2/2021,2,438799,1.412,0.9444,2.8956,6.323,0.0705,1.4992,10.4274,0.8069,0.4178,0.8128,0.0364,0.3655,1.6849,47.1041,9.7,5.5,2.55
Greece,Europe,3371051,31450.581,35501,331.21,6416,29444,274.701,195,1.819,27,0.873436964487238,GRC,EURO,REPORTING,5/1/2022,20954161,7894162,195.5,73.649,7704695,71.882,"AstraZeneca - Vaxzevria,Janssen - Ad26.COV 2-S,Moderna - Spikevax,Novavax-NUVAXOVID,Pfizer BioNTech - Comirnaty",12/23/2020,5,5754235,53.685,2.2879,17.6914,7.2801,0.4539,1.026,6.3296,3.7836,12.0221,1.7744,0.6676,1.5237,7.9134,32.3038,27.4,0.0,0.119
Guatemala,Americas,849552,4741.976,2920,16.299,57,17703,98.814,90,0.502,4,2.08381484849354,GTM,AMRO,REPORTING,5/6/2022,17045569,8149141,95.144,45.486,6146209,34.307,"AstraZeneca - Vaxzevria,Gamaleya - Gam-Covid-Vac,Moderna - Spikevax,Pfizer BioNTech - Comirnaty,SII - Covishield",2/25/2021,5,2733733,15.259,1.7037,10.3765,15.1579,1.4676,0.2807,6.7124,3.9589,4.4093,5.3058,0.198,0.8747,5.7997,39.624,18.8,15.2,1.43
Guinea-Bissau,Africa,8215,417.429,5,0.254,0,171,8.689,0,0.0,0,2.08155159320507,GNB,AFRO,REPORTING,5/8/2022,562620,519455,28.588,26.395,341495,17.352,"Beijing CNBG - BBIBP-CorV,SII - Covishield",4/2/2021,2,20,0.001,2.4603,4.9295,21.6069,0.1038,0.1666,6.366,2.2155,2.1899,0.7893,0.4485,1.8016,2.3642,45.0666,8.2,28.0,0.122
Guyana,Americas,63586,8084.144,102,12.968,3,1228,156.124,0,0.0,0,1.93123724663984,GUY,AMRO,REPORTING,5/6/2022,903034,475116,114.809,60.405,365149,46.424,"AstraZeneca - Vaxzevria,Beijing CNBG - BBIBP-CorV,Gamaleya - Gam-Covid-Vac,Janssen - Ad26.COV 2-S,Moderna - Spikevax,Pfizer BioNTech - Comirnaty,SII - Covishield",2/11/2021,7,62769,7.98,1.8708,9.1155,9.7847,0.1038,1.7011,5.7954,2.5237,4.7277,3.2325,0.0435,0.2779,15.2061,40.8722,19.2,8.1,0.079
Honduras,Americas,424365,4284.521,647,6.532,486,10895,109.999,2,0.02,0,2.56735817142686,HND,AMRO,REPORTING,5/6/2022,13657639,5960689,137.892,60.181,5340476,53.919,"AstraZeneca - Vaxzevria,Gamaleya - Gam-Covid-Vac,Janssen - Ad26.COV 2-S,Moderna - Spikevax,Pfizer BioNTech - Comirnaty,SII - Covishield",2/22/2021,6,2356849,23.795,2.0662,13.6048,14.1699,0.4601,0.3339,6.8464,3.508,9.0154,5.9591,0.0276,1.2467,2.6599,36.3883,19.4,12.9,0.452
Hungary,Europe,1909948,19550.058,6748,69.072,6748,46343,474.363,77,0.788,77,2.42640200862831,HUN,EURO,REPORTING,5/1/2022,16371264,6343223,167.6,64.929,6136829,62.816,"AstraZeneca - Vaxzevria,Beijing CNBG - BBIBP-CorV,Gamaleya - Gam-Covid-Vac,Janssen - Ad26.COV 2-S,Moderna - Spikevax,Pfizer BioNTech - Comirnaty,Sinovac - CoronaVac",12/23/2020,7,3829408,39.197,6.7533,20.0268,7.5908,0.8885,0.4113,3.0852,5.2042,12.4568,2.5433,0.0183,0.7214,5.6788,29.9644,28.6,0.0,0.151
Iceland,Europe,186179,51129.255,438,120.285,90,120,32.955,1,0.275,0,0.0644542933394981,ISL,EURO,REPORTING,4/3/2022,797004,306009,218.9,84.037,296252,81.358,"AstraZeneca - Vaxzevria,Janssen - Ad26.COV 2-S,Moderna - Spikevax,Pfizer BioNTech - Comirnaty",12/30/2020,4,248616,68.276,4.7545,23.97,4.1196,0.5557,4.6117,4.8405,4.6269,13.0028,3.9472,0.0752,0.4667,3.6874,26.0331,23.1,0.0,0.0033
India,South-East Asia,43110586,3123.946,22468,1.628,2897,524157,37.982,237,0.017,54,1.21583407651733,IND,SEARO,REPORTING,5/10/2022,1906551885,1004921253,138.155,72.82,871590794,63.159,"Bharat - Covaxin,Biological E - Corbevax,Gamaleya - Gam-Covid-Vac,Janssen - Ad26.COV 2-S,Moderna - Spikevax,SII - Covishield,SII - Covovax,Zydus - ZyCov-D",1/16/2021,8,30039838,2.177,0.1959,11.3357,17.3821,0.3061,0.6499,5.4333,0.356,9.9889,1.7471,0.1526,0.7487,7.5213,38.6568,3.8,14.5,100
Indonesia,South-East Asia,6049541,2211.707,2050,0.749,400,156424,57.188,103,0.038,8,2.58569512146048,IDN,SEARO,REPORTING,5/10/2022,406244365,199370175,148.523,72.89,165719307,60.587,"AstraZeneca - Vaxzevria,Beijing CNBG - BBIBP-CorV,Janssen - Ad26.COV 2-S,Moderna - Spikevax,Novavax-NUVAXOVID,Pfizer BioNTech - Comirnaty,Sinovac - CoronaVac",1/13/2021,7,41154883,15.046,0.0794,6.2575,24.3918,0.4911,3.9386,5.5134,1.0316,0.5943,1.8481,0.0564,0.8579,3.8558,43.7438,6.9,8.3,24.5
Iran (Islamic Republic of),Eastern Mediterranean,7226219,8603.364,2643,3.147,460,141192,168.1,61,0.073,3,1.95388687494798,IRN,EMRO,REPORTING,5/8/2022,148519147,64352741,176.823,76.617,57591669,68.567,"AstraZeneca - Vaxzevria,Beijing CNBG - BBIBP-CorV,Bharat - Covaxin,CanSino - Convidecia,Finlay - Soberana-02,Gamaleya - Gam-Covid-Vac,Gamaleya - Sputnik-Light,Janssen - Ad26.COV 2-S,Moderna - Spikevax,Pfizer BioNTech - Comirnaty,Shifa - COVIran Barakat,Sinovac - CoronaVac",2/9/2021,12,26574737,31.639,0.0007,7.9295,14.0141,0.4916,0.7813,7.9235,2.3965,3.5808,2.198,0.6421,0.7706,12.5207,42.0701,25.5,4.9,4.91
Iraq,Eastern Mediterranean,2325871,5782.513,584,1.452,131,25215,62.689,3,0.007,1,1.08411342957638,IRQ,EMRO,REPORTING,5/8/2022,18142685,10557921,45.106,26.249,7414628,18.434,"AstraZeneca - Vaxzevria,Beijing CNBG - BBIBP-CorV,Bharat - Covaxin,CanSino - Convidecia,Gamaleya - Gam-Covid-Vac,Gamaleya - Sputnik-Light,Janssen - Ad26.COV 2-S,Moderna - Spikevax,Pfizer BioNTech - Comirnaty,Sinovac - CoronaVac",3/2/2021,10,170136,0.423,0.1915,6.2809,24.0855,1.2467,0.445,6.4975,2.5171,1.9902,3.3755,0.1268,2.0139,4.9563,43.7165,27.4,29.0,2.27
Ireland,Europe,1527328,30765.363,5280,106.356,424,7167,144.367,37,0.745,6,0.469251736116359,IRL,EURO,REPORTING,5/1/2022,10781457,4033681,217.2,81.251,3989700,80.366,"AstraZeneca - Vaxzevria,Janssen - Ad26.COV 2-S,Moderna - Spikevax,Novavax-NUVAXOVID,Pfizer BioNTech - Comirnaty",12/30/2020,5,2994751,60.324,7.5703,18.5712,6.3057,0.4653,1.1942,3.3996,4.0102,11.9469,4.0147,0.0836,0.7497,4.951,31.4242,26.9,0.0,0.0218
Israel,Europe,4098807,47354.718,14564,168.262,2021,10749,124.186,3,0.035,1,0.262246308804964,ISR,EURO,REPORTING,4/17/2022,15012927,7053159,173.4,81.487,6380981,73.721,"AstraZeneca - Vaxzevria,Moderna - Spikevax,Pfizer BioNTech - Comirnaty",12/16/2020,3,1578787,18.24,1.2876,18.7463,7.6277,0.5664,1.4696,6.3746,5.5003,10.9066,1.7747,0.2262,1.6743,8.8586,31.2472,26.7,0.0,0.498
Italy,Europe,16872618,28290.069,286350,480.119,56199,164731,276.202,842,1.412,158,0.976321408053123,ITA,EURO,REPORTING,5/1/2022,135709653,50370974,227.5,84.461,47441188,79.544,"AstraZeneca - Vaxzevria,Janssen - Ad26.COV 2-S,Moderna - Spikevax,Novavax-NUVAXOVID,Pfizer BioNTech - Comirnaty",12/23/2020,5,39376794,66.022,3.1892,19.0329,8.5417,0.6247,1.5816,6.0207,4.2963,12.1258,1.7175,0.423,1.4224,6.9463,30.9671,22.9,0.0,1.97
Jamaica,Americas,131327,4434.974,989,33.399,0,2980,100.636,11,0.371,0,2.26914520806661,JAM,AMRO,REPORTING,5/6/2022,1420563,792047,47.973,26.748,688645,23.256,"AstraZeneca - Vaxzevria,Beijing CNBG - BBIBP-CorV,Janssen - Ad26.COV 2-S,Pfizer BioNTech - Comirnaty,SII - Covishield",3/10/2021,5,37608,1.27,2.4636,11.9958,8.5031,0.1457,1.8692,8.0661,4.3372,5.217,4.6889,0.011,0.7584,6.4772,38.0023,24.4,8.0,0.0751
Japan,Western Pacific,8172238,6461.47,220046,173.982,39041,29894,23.636,211,0.167,51,0.365799113823944,JPN,WPRO,REPORTING,4/27/2022,270695768,103153093,214.029,81.559,101458832,80.22,"AstraZeneca - Vaxzevria,Moderna - Spikevax,Novavax-NUVAXOVID,Pfizer BioNTech - Comirnaty",2/17/2021,4,66083843,52.25,4.044,15.3194,12.1692,1.696,3.9283,2.8618,4.2599,5.063,2.2055,0.0812,1.3445,7.8669,34.6776,4.4,0.0,1.25
Jordan,Eastern Mediterranean,1696054,16622.873,84,0.823,0,14066,137.86,0,0.0,0,0.829339188237798,JOR,EMRO,REPORTING,5/5/2022,9901017,4764976,97.039,46.701,4486523,43.972,"AstraZeneca - Vaxzevria,Beijing CNBG - BBIBP-CorV,Bharat - Covaxin,CanSino - Convidecia,Gamaleya - Gam-Covid-Vac,Gamaleya - Sputnik-Light,Janssen - Ad26.COV 2-S,Moderna - Spikevax,Pfizer BioNTech - Comirnaty,Sinovac - CoronaVac",1/13/2021,10,653646,6.406,0.0846,9.3186,14.138,0.3344,0.5985,4.6624,3.8651,4.2637,4.7276,0.1652,1.9861,10.6308,40.6798,33.4,12.2,0.22
Kazakhstan,Europe,1394649,7427.548,104,0.554,5,19014,101.264,1,0.005,0,1.36335705942257,KAZ,EURO,REPORTING,5/1/2022,24513997,10529186,130.6,56.076,10145531,54.033,"Beijing CNBG - BBIBP-CorV,Gamaleya - Gam-Covid-Vac,Pfizer BioNTech - Comirnaty,RIBSP - QazVac,Sinovac - CoronaVac",4/7/2021,5,3839280,20.447,2.1919,19.1598,6.5119,0.4584,0.2393,3.2145,3.4501,14.3591,1.456,0.0845,1.1215,10.2055,30.8394,21.3,0.0,0.304
Kenya,Africa,323900,602.366,104,0.193,0,5649,10.506,0,0.0,0,1.74412234422262,KEN,AFRO,REPORTING,5/8/2022,17927457,11711277,33.34,21.78,8315517,15.465,"Beijing CNBG - BBIBP-CorV,Janssen - Ad26.COV 2-S,Moderna - Spikevax,Pfizer BioNTech - Comirnaty,SII - Covishield",3/5/2021,5,304280,0.566,1.9664,11.4394,15.1221,0.1447,0.4329,4.6941,1.7336,8.7987,1.8098,0.0892,0.6689,4.345,38.5589,6.0,29.4,2.4
Kiribati,Western Pacific,3093,2589.39,9,7.535,0,13,10.883,0,0.0,0,0.420292037893094,KIR,WPRO,REPORTING,4/15/2022,144216,79764,120.734,66.777,58191,48.716,"AstraZeneca - Vaxzevria,Beijing CNBG - BBIBP-CorV",5/26/2021,2,6261,5.242,0.297,8.8958,8.2747,0.164,6.1065,5.8907,2.3856,0.1561,4.1373,0.1951,0.4419,4.1389,41.1042,45.6,2.7,0.0153
Kuwait,Eastern Mediterranean,632074,14800.691,247,5.784,0,2555,59.828,0,0.0,0,0.404224370335142,KWT,EMRO,REPORTING,5/10/2022,7990026,3421731,187.095,80.124,3300602,77.287,"AstraZeneca - Vaxzevria,Beijing CNBG - BBIBP-CorV,Bharat - Covaxin,CanSino - Convidecia,Gamaleya - Gam-Covid-Vac,Gamaleya - Sputnik-Light,Janssen - Ad26.COV 2-S,Moderna - Spikevax,Pfizer BioNTech - Comirnaty,Sinovac - CoronaVac",12/28/2020,10,1267693,29.684,0.0044,10.7213,11.4132,1.3306,0.8343,5.3058,4.877,3.4788,2.9163,0.1512,1.1976,12.9953,39.275,37.0,2.8,0.0951
Kyrgyzstan,Europe,200993,3080.734,0,0.0,0,2991,45.845,0,0.0,0,1.48811938972985,KGZ,EURO,REPORTING,5/1/2022,2786644,1412449,42.7,21.649,1238165,18.978,"AstraZeneca - Vaxzevria,Beijing CNBG - BBIBP-CorV,Gamaleya - Gam-Covid-Vac,Moderna - Spikevax,Pfizer BioNTech - Comirnaty,RIBSP - QazVac",3/31/2021,6,136030,2.085,0.6313,15.4588,10.1059,0.2653,0.07,2.2846,1.8707,12.8008,3.2495,0.1449,0.355,11.3219,34.5412,15.4,7.1,0.13
Lao People's Democratic Republic,Western Pacific,209028,2873.016,1180,16.219,89,752,10.336,6,0.082,1,0.359761310065798,LAO,WPRO,REPORTING,4/6/2022,10527679,5670200,144.699,77.935,4614786,63.429,"AstraZeneca - Vaxzevria,Beijing CNBG - BBIBP-CorV,Gamaleya - Gam-Covid-Vac,Gamaleya - Sputnik-Light,Janssen - Ad26.COV 2-S,Pfizer BioNTech - Comirnaty,SII - Covishield,Sinovac - CoronaVac",11/25/2020,8,1289144,17.719,0.7883,3.6579,16.3943,0.1063,1.4213,8.8158,1.7111,0.1632,1.1101,0.0028,0.2149,11.641,46.3416,4.5,16.5,0.743
Latvia,Europe,824926,43242.481,1816,95.194,291,5792,303.616,15,0.786,2,0.702124376258615,LVA,EURO,REPORTING,4/24/2022,2820615,1300253,147.9,68.159,1267891,66.463,"AstraZeneca - Vaxzevria,Janssen - Ad26.COV 2-S,Moderna - Spikevax,Novavax-NUVAXOVID,Pfizer BioNTech - Comirnaty",12/30/2020,5,524483,27.493,5.4573,18.8216,6.3952,0.6645,1.3226,2.5738,3.6559,11.8285,2.6169,0.0793,0.699,6.1946,31.1757,25.7,0.0,0.0187
Lebanon,Eastern Mediterranean,1097643,16081.633,525,7.692,68,10402,152.4,10,0.147,2,0.947664954174741,LBN,EMRO,REPORTING,5/9/2022,5613936,2679956,82.25,39.264,2356112,34.52,"AstraZeneca - Vaxzevria,Beijing CNBG - BBIBP-CorV,Bharat - Covaxin,CanSino - Convidecia,Gamaleya - Gam-Covid-Vac,Gamaleya - Sputnik-Light,Janssen - Ad26.COV 2-S,Moderna - Spikevax,Pfizer BioNTech - Comirnaty,Sinovac - CoronaVac",2/14/2021,10,577868,8.466,0.7164,8.0679,11.8253,0.173,0.7091,6.9852,1.9469,5.0748,5.1366,0.5271,1.4807,10.5128,41.9252,31.3,11.0,0.238
Liberia,Africa,7434,146.984,0,0.0,0,294,5.813,0,0.0,0,3.95485222881402,LBR,AFRO,REPORTING,5/8/2022,1837296,1751520,36.327,34.631,1438154,28.435,SII - Covishield,4/1/2021,1,1912,0.038,1.0338,3.7603,16.1465,0.1598,0.7764,5.3606,2.4123,0.1545,1.1236,0.0779,1.9567,3.1728,46.2383,8.6,37.2,0.204
Lithuania,Europe,1060058,37939.293,1064,38.08,198,9123,326.511,12,0.429,1,0.860614350404474,LTU,EURO,REPORTING,5/1/2022,4466348,1949989,159.8,69.944,1899322,67.976,"AstraZeneca - Vaxzevria,Janssen - Ad26.COV 2-S,Moderna - Spikevax,Pfizer BioNTech - Comirnaty,Unknown Vaccine",12/23/2020,5,886648,31.733,5.5419,23.049,6.4732,0.7,1.5431,2.4007,3.7899,16.3529,4.502,0.055,0.4924,4.4045,26.9471,28.4,0.0,0.0325
Luxembourg,Europe,242194,38682.464,2859,456.63,16,1071,171.057,5,0.799,1,0.44220812821024,LUX,EURO,REPORTING,5/1/2022,1255649,468958,200.5,74.9,461798,73.757,"AstraZeneca - Vaxzevria,Janssen - Ad26.COV 2-S,Moderna - Spikevax,Novavax-NUVAXOVID,Pfizer BioNTech - Comirnaty",12/30/2020,5,359283,57.384,8.0858,14.6038,5.1366,0.7875,1.6249,4.4841,4.0469,7.4929,8.1121,0.0308,0.563,4.8536,35.3838,24.2,0.0,0.00235
Madagascar,Africa,64236,231.974,55,0.199,0,1393,5.031,2,0.007,0,2.16877753541345,MDG,AFRO,REPORTING,5/8/2022,2369775,1290584,8.558,4.661,1156975,4.178,"Beijing CNBG - BBIBP-CorV,Janssen - Ad26.COV 2-S,SII - Covishield",5/10/2021,3,27380,0.099,0.7972,4.9125,19.9604,0.077,0.6267,5.0701,1.4618,2.5031,1.0922,0.0261,0.3115,1.8871,45.0869,4.5,44.4,0.0999
Malawi,Africa,85816,448.595,26,0.136,0,2634,13.769,0,0.0,0,3.06936100491535,MWI,AFRO,REPORTING,5/8/2022,2054585,1596607,10.74,8.346,908688,4.75,"Janssen - Ad26.COV 2-S,SII - Covishield",3/11/2021,2,740,0.004,1.1827,2.7754,10.6197,0.0829,0.697,8.4723,1.4923,0.2524,0.6412,0.0161,0.204,3.9786,47.2242,4.7,17.5,0.482
Malaysia,Western Pacific,4463740,13791.448,11959,36.949,2605,35590,109.961,26,0.08,6,0.797312943499479,MYS,WPRO,REPORTING,5/6/2022,70366312,27780052,217.408,85.831,26759334,82.677,"AstraZeneca - Vaxzevria,Beijing CNBG - BBIBP-CorV,CanSino - Convidecia,Gamaleya - Gam-Covid-Vac,Janssen - Ad26.COV 2-S,Moderna - Spikevax,Pfizer BioNTech - Comirnaty,Sinovac - CoronaVac",2/24/2021,8,16040304,49.559,0.8948,12.6354,17.3088,1.6596,5.3482,4.1713,4.9092,0.53,3.903,0.0835,1.6336,6.1678,37.3632,15.3,2.5,0.742
Maldives,South-East Asia,179483,33204.142,55,10.175,0,298,55.13,0,0.0,0,0.166033502687707,MDV,SEARO,REPORTING,5/9/2022,941585,398597,174.192,73.74,383980,71.036,"AstraZeneca - Vaxzevria,Beijing CNBG - BBIBP-CorV,Gamaleya - Gam-Covid-Vac,Janssen - Ad26.COV 2-S,Moderna - Spikevax,Pfizer BioNTech - Comirnaty,SII - Covishield,Sinovac - CoronaVac",2/1/2021,8,159008,29.416,0.6859,14.2704,11.5385,1.1422,8.7959,6.0777,2.0051,2.3155,2.979,0.7569,0.1819,7.718,35.7208,7.9,10.3,0.00996
Malta,Europe,93041,18081.521,891,173.156,123,713,138.564,11,2.138,2,0.766329337006549,MLT,EURO,REPORTING,4/24/2022,1216447,449828,236.4,87.419,443707,86.23,"AstraZeneca - Vaxzevria,Janssen - Ad26.COV 2-S,Moderna - Spikevax,Pfizer BioNTech - Comirnaty",12/23/2020,4,347060,67.447,3.9051,13.6092,7.8996,0.6714,1.7922,4.631,4.6096,6.2546,5.2164,0.1236,0.486,11.2856,36.3899,31.0,0.0,0.00263
Mauritania,Africa,58743,1263.383,48,1.032,0,982,21.12,0,0.0,0,1.67170208875693,MRT,AFRO,REPORTING,5/8/2022,2650797,1567060,57.011,33.703,1068169,22.973,"Beijing CNBG - BBIBP-CorV,SII - Covishield",3/26/2021,2,47137,1.014,0.0055,15.0193,20.4873,0.2539,1.0025,1.2991,3.3994,9.825,4.3166,0.0,1.5716,3.9784,34.9779,11.3,10.4,0.358
Mauritius,Africa,222848,17522.693,0,0.0,0,996,78.316,0,0.0,0,0.446940433185698,MUS,AFRO,REPORTING,5/8/2022,2698115,1000474,212.155,78.668,963452,75.757,"Beijing CNBG - BBIBP-CorV,Bharat - Covaxin,SII - Covishield",1/26/2021,3,607749,47.788,3.0805,9.27,17.1855,0.591,2.1303,3.568,4.6992,1.7166,3.568,0.0369,2.049,6.7122,40.7175,11.5,6.5,0.0284
Mexico,Americas,5745652,4456.317,2292,1.778,0,324465,251.654,6,0.005,0,5.64712968130409,MEX,AMRO,REPORTING,5/6/2022,201861103,85904997,156.563,66.628,79947470,62.007,"AstraZeneca - Vaxzevria,CanSino - Convidecia,Gamaleya - Gam-Covid-Vac,Janssen - Ad26.COV 2-S,Moderna - Spikevax,Pfizer BioNTech - Comirnaty,Sinovac - CoronaVac",12/24/2020,7,48258084,37.429,4.4105,15.1527,11.4325,1.2967,0.9656,7.6794,4.3561,7.9917,3.2266,0.1121,0.6856,5.0713,34.8456,28.4,3.6,4.05
Mongolia,Western Pacific,922227,28131.343,802,24.464,0,2111,64.393,1,0.031,0,0.228901265040919,MNG,WPRO,REPORTING,5/6/2022,5619236,2273095,171.408,69.338,2175855,66.372,"AstraZeneca - Vaxzevria,Beijing CNBG - BBIBP-CorV,Gamaleya - Gam-Covid-Vac,Moderna - Spikevax,Pfizer BioNTech - Comirnaty,SII - Covishield",2/23/2021,6,1041240,31.762,3.143,25.8904,10.1415,0.3727,0.044,1.0413,8.0929,15.856,1.468,0.0137,0.555,4.3326,24.1046,19.6,13.4,0.0741
Montenegro,Europe,235939,37566.196,539,85.82,107,2717,432.601,2,0.318,0,1.15156988479749,MNE,EURO,REPORTING,4/10/2022,528839,276421,84.2,44.45,252418,40.59,"AstraZeneca - Vaxzevria,Beijing CNBG - BBIBP-CorV,Gamaleya - Gam-Covid-Vac,Pfizer BioNTech - Comirnaty,Unknown Vaccine",2/24/2021,5,0,0.0,2.2188,22.8328,5.0447,0.5542,0.6472,5.7297,3.3604,17.9487,6.0418,0.0948,0.4258,5.0001,27.1612,24.9,0.0,0.0171
Morocco,Eastern Mediterranean,1165366,3157.27,362,0.981,83,16071,43.54,2,0.005,0,1.37903948664511,MAR,EMRO,REPORTING,5/10/2022,54485117,24908701,147.614,67.484,23387915,63.364,"AstraZeneca - Vaxzevria,Beijing CNBG - BBIBP-CorV,Bharat - Covaxin,CanSino - Convidecia,Gamaleya - Gam-Covid-Vac,Gamaleya - Sputnik-Light,Janssen - Ad26.COV 2-S,Moderna - Spikevax,Pfizer BioNTech - Comirnaty,Sinovac - CoronaVac",1/28/2021,10,6286214,17.031,0.287,8.4754,18.7029,0.4848,1.3901,7.211,2.5074,3.754,2.6816,0.2549,0.8168,7.286,41.5224,25.6,3.4,1.18
Mozambique,Africa,225430,721.251,43,0.138,0,2201,7.042,0,0.0,0,0.976359131564462,MOZ,AFRO,REPORTING,5/8/2022,31616078,14816217,101.154,47.404,13891137,44.444,"Beijing CNBG - BBIBP-CorV,Janssen - Ad26.COV 2-S,SII - Covishield",3/8/2021,3,340293,1.089,1.2195,4.0111,13.1904,0.1932,1.1353,2.8312,0.9302,1.6385,1.0649,0.2011,0.7509,2.7738,45.9864,6.0,27.9,0.802
Myanmar,South-East Asia,613066,1126.757,101,0.186,0,19434,35.718,0,0.0,0,3.16998252506974,MMR,SEARO,REPORTING,5/9/2022,55949240,30782442,102.829,56.575,23672564,43.508,"Beijing CNBG - BBIBP-CorV,SII - Covishield",1/27/2021,2,1494234,2.746,0.2195,13.5188,16.7608,0.4613,4.0424,4.0287,4.9753,3.6306,2.8592,0.2913,0.6322,7.0725,36.4807,5.7,10.6,5.17
Namibia,Africa,159052,6259.659,241,9.485,0,4026,158.447,1,0.039,0,2.53124012026853,NAM,AFRO,REPORTING,5/8/2022,834756,479078,32.853,18.855,408202,16.065,"Beijing CNBG - BBIBP-CorV,Janssen - Ad26.COV 2-S,Pfizer BioNTech - Comirnaty,SII - Covishield",3/19/2021,4,55574,2.187,5.4716,9.6094,9.9189,0.1196,1.0164,3.1266,2.6844,5.4479,3.9848,0.0114,0.9531,2.3626,40.38,15.0,27.3,0.0497
Nepal,South-East Asia,978978,3359.936,94,0.323,18,11952,41.02,0,0.0,0,1.22085658774453,NPL,SEARO,REPORTING,5/9/2022,45693223,22326785,156.823,76.627,19701003,67.616,"AstraZeneca - Vaxzevria,Beijing CNBG - BBIBP-CorV,Bharat - Covaxin,Gamaleya - Gam-Covid-Vac,Janssen - Ad26.COV 2-S,Moderna - Spikevax,Pfizer BioNTech - Comirnaty,SII - Covishield",1/27/2021,8,3665435,12.58,0.3318,5.4355,18.1511,0.1435,0.205,4.7443,0.9817,3.9212,0.547,0.0978,0.8209,9.277,44.5576,3.8,8.7,1.96
Netherlands,Europe,8063029,46319.056,10007,57.486,1586,22281,127.996,19,0.109,3,0.276335510810065,NLD,EURO,REPORTING,5/1/2022,36126361,13465622,207.5,77.355,12405837,71.267,"AstraZeneca - Vaxzevria,Janssen - Ad26.COV 2-S,Moderna - Spikevax,Novavax-NUVAXOVID,Pfizer BioNTech - Comirnaty,Unknown Vaccine",1/6/2021,6,9304880,53.453,4.3903,24.2977,4.9685,0.747,1.1517,4.923,4.0105,18.0051,2.3446,0.1587,0.8485,3.2587,25.6959,23.1,0.0,0.75
New Zealand,Western Pacific,1009876,20942.082,52135,1081.138,8047,855,17.73,102,2.115,29,0.0846620694160208,NZL,WPRO,REPORTING,5/6/2022,11053632,4263702,229.222,88.418,4074691,84.498,"AstraZeneca - Vaxzevria,Janssen - Ad26.COV 2-S,Novavax-NUVAXOVID,Pfizer BioNTech - Comirnaty",2/19/2021,4,2660782,55.177,5.222,17.5777,7.7522,0.7067,1.6771,4.0202,6.8421,7.4627,3.8188,0.1499,0.5364,6.6889,32.4155,32.0,0.0,0.136
Nigeria,Africa,255766,124.074,0,0.0,0,3143,1.525,0,0.0,0,1.2291052114061,NGA,AFRO,REPORTING,5/8/2022,41091354,27401621,19.934,13.293,15931011,7.728,SII - Covishield,3/5/2021,1,942369,0.457,4.0037,1.7391,10.922,0.1976,0.7239,4.4268,0.5675,0.173,0.6501,0.0841,0.8573,6.2627,48.2585,7.8,13.4,8.13
North Macedonia,Europe,310413,14899.49,625,29.999,115,9287,445.766,1,0.048,0,2.99182052540053,MKD,EURO,REPORTING,5/1/2022,1847640,853497,88.7,41.108,836829,40.305,"AstraZeneca - Vaxzevria,Beijing CNBG - BBIBP-CorV,Gamaleya - Gam-Covid-Vac,Pfizer BioNTech - Comirnaty,Sinovac - CoronaVac,Wuhan CNBG - Inactivated",2/17/2021,6,157314,7.577,1.9045,12.0639,7.3937,0.2847,0.3507,5.0893,2.0683,8.8045,2.9104,0.1796,0.9505,14.5512,37.933,23.9,3.2,0.0155
Norway,Europe,1428333,26610.372,1534,28.579,167,3006,56.003,0,0.0,0,0.210455532151148,NOR,EURO,REPORTING,5/1/2022,11293086,4333777,210.4,80.74,4038343,75.236,"AstraZeneca - Vaxzevria,Janssen - Ad26.COV 2-S,Moderna - Spikevax,Pfizer BioNTech - Comirnaty",12/23/2020,4,2927946,54.549,3.7939,21.1992,5.9777,0.6194,2.7466,4.2801,3.6083,13.5227,2.2652,0.099,0.8697,3.9131,28.7933,25.0,0.0,0.205
Oman,Eastern Mediterranean,389325,7623.918,199,3.897,19,4259,83.401,1,0.02,0,1.09393883827187,OMN,EMRO,REPORTING,4/27/2022,7039789,3261677,137.856,63.871,3030281,59.34,"AstraZeneca - Vaxzevria,Beijing CNBG - BBIBP-CorV,Bharat - Covaxin,CanSino - Convidecia,Gamaleya - Gam-Covid-Vac,Gamaleya - Sputnik-Light,Janssen - Ad26.COV 2-S,Moderna - Spikevax,Pfizer BioNTech - Comirnaty,SII - Covishield,Sinovac - CoronaVac",12/29/2020,11,747831,14.644,0.2621,13.5101,9.6835,0.5741,2.0105,9.787,3.0531,7.6265,2.5903,0.0521,0.6995,10.8902,36.486,22.9,6.8,0.177
Pakistan,Eastern Mediterranean,1528833,692.117,877,0.397,31,30375,13.751,6,0.003,0,1.9868028093516,PAK,EMRO,REPORTING,5/8/2022,252931485,142432832,114.504,64.481,120303098,54.462,"AstraZeneca - Vaxzevria,Beijing CNBG - BBIBP-CorV,Bharat - Covaxin,CanSino - Convidecia,Gamaleya - Gam-Covid-Vac,Gamaleya - Sputnik-Light,Janssen - Ad26.COV 2-S,Moderna - Spikevax,Pfizer BioNTech - Comirnaty,SII - Covishield,Sinovac - CoronaVac",2/3/2021,11,6998766,3.168,0.0085,22.2758,14.6224,0.3577,0.1831,2.4099,1.7957,19.6466,2.6707,0.0852,0.3417,2.2173,27.7226,7.8,20.3,16.1
Panama,Americas,789830,18305.276,12172,282.101,1359,8194,189.906,9,0.209,1,1.0374386051322,PAN,AMRO,REPORTING,5/6/2022,8079415,3466298,187.25,80.336,3079475,71.371,"AstraZeneca - Vaxzevria,Pfizer BioNTech - Comirnaty",1/20/2021,2,1529863,35.456,6.6254,12.3346,14.2627,0.4604,1.005,6.6783,4.98,5.353,4.2277,0.036,0.7645,1.948,37.6619,22.5,10.0,0.278
Paraguay,Americas,649718,9109.212,263,3.687,0,18872,264.59,2,0.028,0,2.90464202611598,PRY,AMRO,REPORTING,5/6/2022,8647379,3895435,121.238,54.615,3386833,47.484,"AstraZeneca - Vaxzevria,Beijing CNBG - BBIBP-CorV,Bharat - Covaxin,Gamaleya - Gam-Covid-Vac,Julphar - Hayat-Vax,Moderna - Spikevax,Pfizer BioNTech - Comirnaty,Sinovac - CoronaVac",2/22/2021,8,1363828,19.121,3.9095,11.2654,7.5639,0.9035,0.3119,5.4532,4.0434,5.3208,2.4084,0.0015,1.0733,3.7113,38.726,19.0,10.7,0.369
Peru,Americas,3570075,10827.644,3552,10.773,293,212957,645.875,92,0.279,11,5.96505574065789,PER,AMRO,REPORTING,5/6/2022,72763716,29189570,220.684,88.529,27002494,81.896,"AstraZeneca - Vaxzevria,Beijing CNBG - BBIBP-CorV,Moderna - Spikevax,Pfizer BioNTech - Comirnaty",2/9/2021,4,16316965,49.488,3.8623,8.6638,11.814,0.6431,1.7993,8.5783,1.754,4.0729,1.7339,0.023,0.5066,4.8044,41.3344,19.1,9.7,1.58
Philippines,Western Pacific,3687320,3364.924,1104,1.007,127,60439,55.155,27,0.025,0,1.63911577200555,PHL,WPRO,REPORTING,5/5/2022,147623883,73470137,134.717,67.046,68956057,62.927,"AstraZeneca - Vaxzevria,Beijing CNBG - BBIBP-CorV,Bharat - Covaxin,Gamaleya - Gam-Covid-Vac,Gamaleya - Sputnik-Light,Janssen - Ad26.COV 2-S,Julphar - Hayat-Vax,Moderna - Spikevax,Novavax-NUVAXOVID,Pfizer BioNTech - Comirnaty,Sinovac - CoronaVac",3/1/2021,11,13389430,12.219,1.9716,6.7108,20.0498,0.3527,2.4506,8.5466,3.2257,0.1045,2.3774,0.1838,0.4119,5.4481,43.2905,6.0,13.3,3.38
Poland,Europe,6001893,15811.874,3895,10.261,566,116164,306.032,94,0.248,14,1.93545685982572,POL,EURO,REPORTING,5/1/2022,54370993,22769680,143.2,59.986,22473613,59.206,"AstraZeneca - Vaxzevria,Janssen - Ad26.COV 2-S,Moderna - Spikevax,Novavax-NUVAXOVID,Pfizer BioNTech - Comirnaty",12/23/2020,5,11918350,31.399,6.8201,16.559,7.9033,0.3702,0.5845,3.0079,4.85,9.7542,2.4775,0.0476,0.3959,6.8655,33.439,25.6,0.0,0.19
Portugal,Europe,3991041,38763.367,99866,969.958,20482,22500,218.533,142,1.379,27,0.563761656720893,PRT,EURO,REPORTING,5/1/2022,23821358,9701161,231.4,94.328,8836199,85.822,"AstraZeneca - Vaxzevria,Beijing CNBG - BBIBP-CorV,Janssen - Ad26.COV 2-S,Moderna - Spikevax,Pfizer BioNTech - Comirnaty,Sinovac - CoronaVac",12/23/2020,6,6406862,62.227,4.7147,18.6614,6.2984,0.4053,2.7295,6.5126,4.5168,10.3936,1.7316,0.2319,0.7246,7.3366,31.3374,23.2,0.0,0.582
Romania,Europe,2900375,15005.429,4363,22.572,812,65581,339.291,71,0.367,15,2.2611216247133,ROU,EURO,REPORTING,5/1/2022,16000304,8170257,82.8,42.27,8114498,41.981,"AstraZeneca - Vaxzevria,Janssen - Ad26.COV 2-S,Moderna - Spikevax,Pfizer BioNTech - Comirnaty",1/27/2021,4,1728606,8.943,4.7679,15.9287,8.0412,0.6848,0.2844,4.2115,3.0499,11.4018,1.4126,0.1093,0.7301,9.3641,34.0679,24.5,0.0,0.0375
Rwanda,Africa,129875,1002.724,36,0.278,0,1459,11.264,0,0.0,0,1.12334002178067,RWA,AFRO,REPORTING,5/8/2022,20141669,9005283,155.507,69.527,8405309,64.895,"Beijing CNBG - BBIBP-CorV,Gamaleya - Gam-Covid-Vac,Janssen - Ad26.COV 2-S,Moderna - Spikevax,Pfizer BioNTech - Comirnaty,SII - Covishield,Sinovac - CoronaVac",3/5/2021,7,4188208,32.336,1.3631,2.6366,3.538,0.0269,0.5279,15.7285,0.6257,1.3521,0.5782,0.0,0.2109,2.7193,47.3634,4.8,36.8,0.412
Saint Vincent and the Grenadines,Americas,8479,7642.87,54,48.675,7,106,95.547,0,0.0,0,1.2501455605028,VCT,AMRO,REPORTING,5/6/2022,70310,36268,63.377,32.692,30437,27.436,"AstraZeneca - Vaxzevria,Gamaleya - Gam-Covid-Vac,Gamaleya - Sputnik-Light,Pfizer BioNTech - Comirnaty,SII - Covishield",2/1/2021,5,3605,3.25,2.526,11.0865,9.0142,0.3412,1.3785,10.471,6.9184,2.2593,3.4592,0.0357,0.7227,5.1371,38.9005,23.8,5.7,0.00382
Samoa,Western Pacific,10926,5506.668,716,360.862,0,22,11.088,2,1.008,0,0.201355883448939,WSM,WPRO,REPORTING,4/24/2022,412127,188680,207.711,95.094,156203,78.726,"AstraZeneca - Vaxzevria,Pfizer BioNTech - Comirnaty",4/18/2021,2,67244,33.891,1.4236,11.163,3.6768,0.1314,2.7788,10.7845,5.7993,1.9647,2.0811,0.0108,0.5117,1.1656,38.8349,45.5,2.7,0.0229
Sao Tome and Principe,Africa,5970,2724.05,0,0.0,0,73,33.309,0,0.0,0,1.22277491235477,STP,AFRO,REPORTING,5/8/2022,208657,113708,95.208,51.884,86914,39.658,"AstraZeneca - Vaxzevria,SII - Covishield",3/15/2021,2,2685,1.225,1.5187,4.1199,7.3796,0.0562,2.3033,18.2736,1.2054,0.5152,2.5939,0.0024,0.7805,0.857,45.8801,10.6,7.0,0.0193
Saudi Arabia,Eastern Mediterranean,756549,2173.125,2209,6.345,569,9104,26.15,11,0.032,0,1.2033362093759,SAU,EMRO,REPORTING,5/10/2022,64649318,26470771,185.7,76.035,24816030,71.282,"AstraZeneca - Vaxzevria,Beijing CNBG - BBIBP-CorV,Bharat - Covaxin,CanSino - Convidecia,Gamaleya - Gam-Covid-Vac,Gamaleya - Sputnik-Light,Janssen - Ad26.COV 2-S,Moderna - Spikevax,Pfizer BioNTech - Comirnaty,Sinovac - CoronaVac",1/6/2021,10,13362517,38.383,0.0,12.9962,16.3284,0.6003,1.0369,7.0413,4.9529,5.8598,2.8571,0.1135,1.7626,5.7024,37.0038,35.0,7.1,1.21
Senegal,Africa,86016,513.715,9,0.054,0,1966,11.742,0,0.0,0,2.28570316225923,SEN,AFRO,REPORTING,5/8/2022,2469499,1465788,14.749,8.754,1047236,6.254,"Beijing CNBG - BBIBP-CorV,Janssen - Ad26.COV 2-S,SII - Covishield",2/23/2021,3,7027,0.042,0.3209,5.3434,25.9204,0.1878,2.0588,2.3456,1.6081,1.2496,2.0941,0.1047,1.9325,7.8951,44.6423,7.4,11.3,0.301
Serbia,Europe,2010961,29032.0,3407,49.186,466,16037,231.524,30,0.433,4,0.797478644254616,SRB,EURO,REPORTING,3/27/2022,6696502,3386883,96.7,48.896,3309619,47.781,"AstraZeneca - Vaxzevria,Beijing CNBG - BBIBP-CorV,Gamaleya - Gam-Covid-Vac,Moderna - Spikevax,Pfizer BioNTech - Comirnaty",12/23/2020,5,0,0.0,4.392,16.7466,9.7485,0.6322,0.4148,5.9753,3.5893,11.619,2.0255,0.1268,0.4644,7.3941,33.2476,23.5,5.7,0.0752
Sierra Leone,Africa,7682,96.302,1,0.013,0,125,1.567,0,0.0,0,1.62717285206953,SLE,AFRO,REPORTING,5/1/2022,2868978,1987563,35.966,24.916,1315830,16.495,"Beijing CNBG - BBIBP-CorV,SII - Covishield",3/15/2021,2,5359,0.067,0.3009,5.6877,19.9349,0.1343,2.5044,3.2119,0.7837,2.1711,0.6323,0.1,1.276,4.5526,44.3138,7.5,25.6,0.474
Slovakia,Europe,1785978,32722.967,2625,48.096,443,20002,366.48,59,1.081,8,1.11994734462801,SVK,EURO,REPORTING,5/1/2022,7069763,2821136,129.5,51.689,2770480,50.761,"AstraZeneca - Vaxzevria,Gamaleya - Gam-Covid-Vac,Janssen - Ad26.COV 2-S,Moderna - Spikevax,Novavax-NUVAXOVID,Pfizer BioNTech - Comirnaty",1/6/2021,6,1646757,30.172,6.1266,18.9841,5.4026,0.939,0.7045,3.5463,4.3096,11.4696,5.5166,0.1118,1.438,4.5601,31.0231,22.4,3.4,0.0327
Slovenia,Europe,1016993,48523.876,5656,269.865,982,7697,367.248,13,0.62,1,0.756839787489359,SVN,EURO,REPORTING,5/1/2022,2956156,1238708,141.0,59.103,1207508,57.614,"AstraZeneca - Vaxzevria,Janssen - Ad26.COV 2-S,Moderna - Spikevax,Novavax-NUVAXOVID,Pfizer BioNTech - Comirnaty",12/23/2020,5,645904,30.818,4.9933,18.9196,7.6345,0.5376,0.6515,6.4367,4.161,12.2569,2.4915,0.1972,0.4739,5.002,31.0774,22.5,0.0,0.0187
Solomon Islands,Western Pacific,18174,2645.862,2293,333.826,1300,146,21.255,5,0.728,3,0.803329878882572,SLB,WPRO,REPORTING,5/8/2022,431304,267871,62.791,38.998,161810,23.557,"AstraZeneca - Vaxzevria,Beijing CNBG - BBIBP-CorV,Pfizer BioNTech - Comirnaty,SII - Covishield",3/23/2021,4,2976,0.433,0.8298,3.8504,9.0233,0.0826,2.284,3.2798,0.8897,0.438,0.8268,0.0356,0.3327,1.1223,46.1492,20.5,8.9,0.0756
South Africa,Africa,3844625,6482.397,42427,71.536,0,100533,169.508,156,0.263,0,2.61489692778767,ZAF,AFRO,REPORTING,5/8/2022,35124794,19703742,59.224,33.222,17890102,30.164,"Janssen - Ad26.COV 2-S,Pfizer BioNTech - Comirnaty",2/17/2021,2,2836165,4.782,6.2658,11.8433,17.1035,0.594,0.5365,1.9355,5.3933,4.8155,4.4677,0.0108,1.1726,3.7632,38.1554,27.0,6.2,1.27
Spain,Europe,12058888,25476.911,105407,222.694,49829,105123,222.094,476,1.006,222,0.871746186184032,ESP,EURO,REPORTING,5/1/2022,101296643,41180799,214.0,87.003,37302187,78.809,"AstraZeneca - Vaxzevria,Janssen - Ad26.COV 2-S,Moderna - Spikevax,Pfizer BioNTech - Comirnaty",12/30/2020,4,24794087,52.383,5.3152,18.3382,6.0548,0.7321,2.2646,4.8332,5.3456,9.5991,1.8482,0.4287,1.5122,7.8139,31.6581,27.1,0.0,2.7
Sri Lanka,South-East Asia,663597,3099.002,128,0.598,0,16509,77.097,2,0.009,0,2.48780091139018,LKA,SEARO,REPORTING,5/9/2022,39503105,17066783,184.48,79.702,14464168,67.548,"AstraZeneca - Vaxzevria,Beijing CNBG - BBIBP-CorV,Gamaleya - Gam-Covid-Vac,Moderna - Spikevax,Pfizer BioNTech - Comirnaty,SII - Covishield",1/29/2021,6,7972154,37.23,0.681,5.5328,20.7839,0.4178,3.0173,4.1171,0.8845,1.0948,2.7209,0.135,0.2466,4.8753,44.4618,5.4,9.0,1.86
Sudan,Eastern Mediterranean,62161,141.761,23,0.052,0,4936,11.257,3,0.007,0,7.94082998850177,SDN,EMRO,REPORTING,5/1/2022,7096087,5929766,16.183,13.523,3631390,8.282,"AstraZeneca - Vaxzevria,Beijing CNBG - BBIBP-CorV,Bharat - Covaxin,CanSino - Convidecia,Gamaleya - Gam-Covid-Vac,Gamaleya - Sputnik-Light,Janssen - Ad26.COV 2-S,Moderna - Spikevax,Pfizer BioNTech - Comirnaty,SII - Covishield,Sinovac - CoronaVac",3/9/2021,11,38261,0.087,0.0,13.1178,12.9192,0.1176,0.1018,7.0919,2.1133,10.4116,3.1231,0.0,0.9366,8.3477,36.8813,7.4,20.1,1.6
Suriname,Americas,79393,13533.697,57,9.716,0,1328,226.377,0,0.0,0,1.67269150476769,SUR,AMRO,REPORTING,5/6/2022,553668,267593,94.381,45.615,237596,40.502,"AstraZeneca - Vaxzevria,Beijing CNBG - BBIBP-CorV,Moderna - Spikevax,Pfizer BioNTech - Comirnaty,SII - Covishield",2/23/2021,5,48479,8.264,4.1704,6.7984,13.9476,0.5407,1.4348,8.6872,3.6451,1.0789,4.7051,0.0155,1.3351,5.3705,43.1917,26.5,8.5,0.0217
Sweden,Europe,2503090,24236.925,837,8.105,0,18824,182.269,0,0.0,0,0.752030218354845,SWE,EURO,REPORTING,5/1/2022,21331347,7550310,206.5,73.108,7381438,71.473,"AstraZeneca - Vaxzevria,Moderna - Spikevax,Novavax-NUVAXOVID,Pfizer BioNTech - Comirnaty,Unknown Vaccine",12/23/2020,5,5310978,51.425,4.4232,24.0627,6.1923,0.7266,1.7659,3.5405,4.1476,16.3687,2.5211,0.0996,0.3967,4.611,25.9282,22.1,0.0,0.137
Switzerland,Europe,3631884,41964.694,9684,111.894,3,13217,152.716,7,0.081,0,0.363915438058478,CHE,EURO,REPORTING,5/1/2022,16198374,6413965,187.2,74.529,5995819,69.67,"Janssen - Ad26.COV 2-S,Moderna - Spikevax,Pfizer BioNTech - Comirnaty",12/23/2020,3,3847049,44.702,4.9978,22.4227,5.9818,0.5377,0.9109,4.6041,3.6314,16.706,2.9737,0.2377,1.0637,4.9478,27.5705,21.2,0.0,0.292
Thailand,South-East Asia,4345218,6225.243,54394,77.928,7650,29252,41.908,392,0.562,56,0.673194604612222,THA,SEARO,REPORTING,5/9/2022,134171194,56221946,192.222,80.547,51539030,73.838,"AstraZeneca - Vaxzevria,Beijing CNBG - BBIBP-CorV,Janssen - Ad26.COV 2-S,Moderna - Spikevax,Pfizer BioNTech - Comirnaty,SII - Covishield,Sinovac - CoronaVac",2/28/2021,7,26410218,37.837,3.6223,7.7828,17.5571,1.1143,2.6297,8.3291,2.4675,1.3279,4.0424,0.0938,0.7816,3.5962,42.2145,10.8,7.8,3.4
Timor-Leste,South-East Asia,22888,1735.984,9,0.683,2,130,9.86,0,0.0,0,0.567977585046867,TLS,SEARO,REPORTING,5/10/2022,1496002,789433,113.467,59.876,637871,48.381,"AstraZeneca - Vaxzevria,Pfizer BioNTech - Comirnaty,SII - Covishield,Sinovac - CoronaVac",4/7/2021,4,68698,5.211,0.4459,5.4983,26.332,0.1025,1.0225,2.1027,4.0376,0.1307,2.8203,0.0013,0.6842,3.1867,44.503,2.9,24.9,0.11
Togo,Africa,37009,447.037,14,0.169,0,273,3.298,0,0.0,0,0.737746539995571,TGO,AFRO,REPORTING,5/8/2022,3290821,2037429,39.75,24.61,1557538,18.814,SII - Covishield,3/10/2021,1,54353,0.657,1.0144,3.6702,15.8144,0.1067,1.3178,0.91,1.4133,0.7246,1.8312,0.0,1.4099,2.1637,46.3287,7.1,16.1,0.342
Trinidad and Tobago,Americas,151806,10847.253,3176,226.94,214,3856,275.529,23,1.643,4,2.54008088499457,TTO,AMRO,REPORTING,5/6/2022,1553619,747661,111.013,53.424,711507,50.841,"AstraZeneca - Vaxzevria,Beijing CNBG - BBIBP-CorV,Janssen - Ad26.COV 2-S,Pfizer BioNTech - Comirnaty,SII - Covishield",2/17/2021,5,151283,10.81,2.4881,12.7835,13.0903,0.4044,2.3299,4.9733,6.7063,2.8789,5.62,0.0928,1.2563,3.5256,37.2145,19.7,5.5,0.0274
Tunisia,Eastern Mediterranean,1041197,8809.803,1004,8.495,0,28575,241.78,25,0.212,0,2.74444275314669,TUN,EMRO,REPORTING,5/9/2022,13151111,7225647,111.275,61.138,6368899,53.889,"AstraZeneca - Vaxzevria,Beijing CNBG - BBIBP-CorV,Bharat - Covaxin,CanSino - Convidecia,Gamaleya - Gam-Covid-Vac,Gamaleya - Sputnik-Light,Janssen - Ad26.COV 2-S,Moderna - Spikevax,Pfizer BioNTech - Comirnaty,Sinovac - CoronaVac",3/13/2021,10,1243334,10.52,0.7037,9.6312,12.0523,0.4508,0.7615,5.4307,1.6411,6.4775,2.0832,0.3489,1.2551,15.7731,40.3673,27.3,4.3,0.602
Uganda,Africa,164153,358.875,29,0.063,0,3598,7.866,0,0.0,0,2.19184952978056,UGA,AFRO,REPORTING,5/8/2022,20899440,15686085,45.691,34.293,10568519,23.105,"Janssen - Ad26.COV 2-S,Moderna - Spikevax,Pfizer BioNTech - Comirnaty,SII - Covishield,Sinovac - CoronaVac",3/10/2021,5,65835,0.144,6.1671,5.6473,6.748,0.0815,1.0442,11.3112,0.8978,3.4755,1.2601,0.0,0.744,2.6703,44.3536,4.1,41.0,3.57
Ukraine,Europe,5006460,11447.587,3590,8.209,0,108449,247.975,38,0.087,0,2.16617702927263,UKR,EURO,REPORTING,2/27/2022,31668577,15774300,72.4,36.069,15153577,34.65,"AstraZeneca - Vaxzevria,Janssen - Ad26.COV 2-S,Moderna - Spikevax,Pfizer BioNTech - Comirnaty,SII - Covishield,Sinovac - CoronaVac",2/24/2021,6,741197,1.695,2.625,13.1214,9.3613,0.8434,0.6821,2.9418,2.7425,8.5442,3.8811,0.0807,0.647,9.4361,36.8777,26.1,3.5,0.537
United States of America,Americas,81178013,24524.883,492020,148.645,156260,990599,299.272,2568,0.776,339,1.22027901213637,USA,AMRO,REPORTING,5/6/2022,570102931,270336718,172.235,81.672,217410632,65.682,"Janssen - Ad26.COV 2-S,Moderna - Spikevax,Pfizer BioNTech - Comirnaty",12/14/2020,3,99432938,30.04,4.8647,21.2352,5.5048,0.786,1.1287,4.5432,6.2645,12.8657,3.32,0.1772,0.9889,5.7249,28.7587,37.3,0.0,37.5
Uruguay,Americas,902540,25981.87,2817,81.094,0,7213,207.644,3,0.086,0,0.79918804920508,URY,AMRO,REPORTING,5/6/2022,8186727,2984761,235.675,85.924,2864925,82.474,"AstraZeneca - Vaxzevria,Pfizer BioNTech - Comirnaty,Sinovac - CoronaVac",2/27/2021,3,2337041,67.278,3.5664,17.8865,10.251,0.7764,0.6058,5.3746,3.7863,12.3906,3.4102,0.0131,1.0337,3.9333,32.1076,28.9,0.0,0.0796
Uzbekistan,Europe,238747,713.333,111,0.332,4,1637,4.891,0,0.0,0,0.685654526006788,UZB,EURO,REPORTING,4/24/2022,48286000,19169443,144.3,57.275,14551774,43.478,"Anhui ZL - Zifivax,Gamaleya - Gam-Covid-Vac,Gamaleya - Sputnik-Light,Moderna - Spikevax,Pfizer BioNTech - Comirnaty,SII - Covishield,Sinovac - CoronaVac",4/28/2021,7,4571851,13.66,0.6835,14.4463,10.5365,0.3566,0.1218,5.215,1.8621,11.7952,0.5796,0.0649,0.6109,14.8354,35.554,15.3,6.3,3.52
Vanuatu,Western Pacific,8063,2625.144,466,151.72,0,14,4.558,1,0.326,0,0.173628570470801,VUT,WPRO,REPORTING,4/3/2022,242178,132941,78.848,43.283,118158,38.47,"AstraZeneca - Vaxzevria,Beijing CNBG - BBIBP-CorV,Janssen - Ad26.COV 2-S",6/2/2021,3,10610,3.454,0.2424,6.6244,6.4102,0.1875,2.1649,5.8103,2.7466,1.2692,1.3645,0.0038,0.3674,3.9175,43.3737,23.5,7.2,0.0105
Venezuela (Bolivarian Republic of),Americas,522749,1838.339,235,0.826,0,5709,20.077,0,0.0,0,1.09212718655264,VEN,AMRO,REPORTING,5/6/2022,37860994,22157232,133.145,77.92,14287370,50.244,"Beijing CNBG - BBIBP-CorV,CIGB - CIGB-66,Finlay - Soberana-02,Gamaleya - Gam-Covid-Vac,Gamaleya - Sputnik-Light,Sinovac - CoronaVac",2/22/2021,6,651502,2.291,2.5952,14.7565,12.9253,0.3389,0.9456,7.646,3.8328,9.392,3.4106,0.0009,1.3734,4.1474,35.2416,25.2,21.2,5.66
Zambia,Africa,319755,1739.316,0,0.0,0,3976,21.628,0,0.0,0,1.24347732096985,ZMB,AFRO,REPORTING,5/8/2022,3750417,3240892,20.4,17.629,2333446,12.693,"Beijing CNBG - BBIBP-CorV,Janssen - Ad26.COV 2-S,SII - Covishield",4/14/2021,3,95513,0.52,5.736,6.0197,21.1938,0.3399,1.6924,1.0183,1.8427,1.757,1.5632,0.0014,0.6657,3.4649,43.9789,6.5,46.7,0.616
Zimbabwe,Africa,247842,1667.518,0,0.0,0,5469,36.796,0,0.0,0,2.20663285193923,ZWE,AFRO,REPORTING,5/8/2022,10350000,5894358,69.636,39.658,3776489,25.409,"Beijing CNBG - BBIBP-CorV,Bharat - Covaxin,Gamaleya - Gam-Covid-Vac,Sinovac - CoronaVac",2/18/2021,4,628615,4.229,4.0552,8.1489,22.624,0.2678,0.5518,2.2,2.6142,4.431,4.6485,0.0518,1.7103,2.3213,41.8526,12.3,51.3,1.51
