COUNTRY,WHO Region,Cases - cumulative total,Cases - cumulative total per 100000 population,Cases - newly reported in last 7 days,Cases - newly reported in last 7 days per 100000 population,Cases - newly reported in last 24 hours,Deaths - cumulative total,Deaths - cumulative total per 100000 population,Deaths - newly reported in last 7 days,Deaths - newly reported in last 7 days per 100000 population,Deaths - newly reported in last 24 hours,Case_Fatality_Ratio,ISO3,WHO_REGION,DATA_SOURCE,DATE_UPDATED,TOTAL_VACCINATIONS,PERSONS_VACCINATED_1PLUS_DOSE,TOTAL_VACCINATIONS_PER100,PERSONS_VACCINATED_1PLUS_DOSE_PER100,PERSONS_FULLY_VACCINATED,PERSONS_FULLY_VACCINATED_PER100,VACCINES_USED,FIRST_VACCINE_DATE,NUMBER_VACCINES_TYPES_USED,PERSONS_BOOSTER_ADD_DOSE,PERSONS_BOOSTER_ADD_DOSE_PER100
United States of America,Americas,81178013,24524.883,492020,148.645,156260,990599,299.272,2568,0.776,339,1.2202790121363676,USA,AMRO,REPORTING,5/6/2022,570102931.0,270336718.0,172.235,81.672,217410632.0,65.682,"Janssen - Ad26.COV 2-S,Moderna - Spikevax,Pfizer BioNTech - Comirnaty",12/14/2020,3.0,99432938.0,30.04
India,South-East Asia,43110586,3123.946,22468,1.628,2897,524157,37.982,237,0.017,54,1.2158340765173277,IND,SEARO,REPORTING,5/10/2022,1906551885.0,1004921253.0,138.155,72.82,871590794.0,63.159,"Bharat - Covaxin,Biological E - Corbevax,Gamaleya - Gam-Covid-Vac,Janssen - Ad26.COV 2-S,Moderna - Spikevax,SII - Covishield,SII - Covovax,Zydus - ZyCov-D",1/16/2021,8.0,30039838.0,2.177
Brazil,Americas,30574245,14383.858,113248,53.278,9709,664192,312.474,590,0.278,53,2.172393526131862,BRA,AMRO,REPORTING,5/6/2022,416055006.0,179112844.0,195.736,84.265,159915412.0,75.233,"AstraZeneca - Vaxzevria,Janssen - Ad26.COV 2-S,Pfizer BioNTech - Comirnaty,SII - Covishield,Sinovac - CoronaVac",1/17/2021,5.0,79853054.0,37.567
France,Europe,28172780,43316.509,250885,385.743,48584,143723,220.979,710,1.092,123,0.510149606008185,FRA,EURO,REPORTING,5/1/2022,147030463.0,54336626.0,218.4,80.714,52726063.0,78.321,"AstraZeneca - Vaxzevria,Janssen - Ad26.COV 2-S,Moderna - Spikevax,Novavax-NUVAXOVID,Pfizer BioNTech - Comirnaty,Unknown Vaccine",12/30/2020,6.0,39676353.0,58.937
Germany,Europe,25503878,30665.969,422268,507.737,69020,136987,164.714,80,0.096,5,0.5371230891154948,DEU,EURO,REPORTING,5/1/2022,178550662.0,64498790.0,214.7,77.554,64415843.0,77.454,"AstraZeneca - Vaxzevria,Janssen - Ad26.COV 2-S,Moderna - Spikevax,Novavax-NUVAXOVID,Pfizer BioNTech - Comirnaty,Unknown Vaccine",12/23/2020,6.0,49321652.0,59.305
Republic of Korea,Western Pacific,17658794,34443.29,263022,513.022,43925,23491,45.819,412,0.804,29,0.1330273617880289,KOR,WPRO,REPORTING,5/9/2022,124962801.0,45956689.0,243.739,89.638,44474239.0,86.747,"AstraZeneca - Vaxzevria,Janssen - Ad26.COV 2-S,Moderna - Spikevax,Novavax-NUVAXOVID,Pfizer BioNTech - Comirnaty",2/26/2021,5.0,33171116.0,64.7
Italy,Europe,16872618,28290.069,286350,480.119,56199,164731,276.202,842,1.412,158,0.9763214080531228,ITA,EURO,REPORTING,5/1/2022,135709653.0,50370974.0,227.5,84.461,47441188.0,79.544,"AstraZeneca - Vaxzevria,Janssen - Ad26.COV 2-S,Moderna - Spikevax,Novavax-NUVAXOVID,Pfizer BioNTech - Comirnaty",12/23/2020,5.0,39376794.0,66.022
Spain,Europe,12058888,25476.911,105407,222.694,49829,105123,222.094,476,1.006,222,0.8717461861840315,ESP,EURO,REPORTING,5/1/2022,101296643.0,41180799.0,214.0,87.003,37302187.0,78.809,"AstraZeneca - Vaxzevria,Janssen - Ad26.COV 2-S,Moderna - Spikevax,Pfizer BioNTech - Comirnaty",12/30/2020,4.0,24794087.0,52.383
Viet Nam,Western Pacific,10681214,10973.259,21856,22.454,2855,43058,44.235,14,0.014,1,0.403116339457585,VNM,WPRO,REPORTING,5/5/2022,215350776.0,82077999.0,221.239,84.322,77122937.0,79.232,"AstraZeneca - Vaxzevria,Beijing CNBG - BBIBP-CorV,CIGB - CIGB-66,Gamaleya - Gam-Covid-Vac,Moderna - Spikevax,Pfizer BioNTech - Comirnaty",3/8/2021,6.0,15320992.0,15.74
Argentina,Americas,9101319,20137.544,17646,39.043,0,128729,284.825,76,0.168,0,1.414397902743254,ARG,AMRO,REPORTING,5/6/2022,99115622.0,41035648.0,219.303,90.795,37278843.0,82.483,"AstraZeneca - Vaxzevria,Beijing CNBG - BBIBP-CorV,CanSino - Convidecia,Gamaleya - Gam-Covid-Vac,Moderna - Spikevax,Pfizer BioNTech - Comirnaty,SII - Covishield",12/29/2020,7.0,21113527.0,46.716
Japan,Western Pacific,8172238,6461.47,220046,173.982,39041,29894,23.636,211,0.167,51,0.365799113823944,JPN,WPRO,REPORTING,4/27/2022,270695768.0,103153093.0,214.029,81.559,101458832.0,80.22,"AstraZeneca - Vaxzevria,Moderna - Spikevax,Novavax-NUVAXOVID,Pfizer BioNTech - Comirnaty",2/17/2021,4.0,66083843.0,52.25
Netherlands,Europe,8063029,46319.056,10007,57.486,1586,22281,127.996,19,0.109,3,0.2763355108100648,NLD,EURO,REPORTING,5/1/2022,36126361.0,13465622.0,207.5,77.355,12405837.0,71.267,"AstraZeneca - Vaxzevria,Janssen - Ad26.COV 2-S,Moderna - Spikevax,Novavax-NUVAXOVID,Pfizer BioNTech - Comirnaty,Unknown Vaccine",1/6/2021,6.0,9304880.0,53.453
Iran (Islamic Republic of),Eastern Mediterranean,7226219,8603.364,2643,3.147,460,141192,168.1,61,0.073,3,1.9538868749479852,IRN,EMRO,REPORTING,5/8/2022,148519147.0,64352741.0,176.823,76.617,57591669.0,68.567,"AstraZeneca - Vaxzevria,Beijing CNBG - BBIBP-CorV,Bharat - Covaxin,CanSino - Convidecia,Finlay - Soberana-02,Gamaleya - Gam-Covid-Vac,Gamaleya - Sputnik-Light,Janssen - Ad26.COV 2-S,Moderna - Spikevax,Pfizer BioNTech - Comirnaty,Shifa - COVIran Barakat,Sinovac - CoronaVac",2/9/2021,12.0,26574737.0,31.639
Australia,Western Pacific,6328508,24817.791,305766,1199.088,48015,7565,29.667,254,0.996,49,0.1195392450520677,AUS,WPRO,REPORTING,5/7/2022,58068709.0,22288752.0,227.721,87.407,21553633.0,84.524,"AstraZeneca - Vaxzevria,Janssen - Ad26.COV 2-S,Moderna - Spikevax,Novavax-NUVAXOVID,Pfizer BioNTech - Comirnaty",2/21/2021,5.0,13497494.0,52.932
Colombia,Americas,6093645,11975.823,978,1.922,0,139809,274.766,12,0.024,0,2.294339186542754,COL,AMRO,REPORTING,5/6/2022,82845381.0,42136168.0,162.816,82.81,35534430.0,69.836,"AstraZeneca - Vaxzevria,Janssen - Ad26.COV 2-S,Moderna - Spikevax,Pfizer BioNTech - Comirnaty,Sinovac - CoronaVac",2/17/2021,5.0,11597140.0,22.792
Indonesia,South-East Asia,6049541,2211.707,2050,0.749,400,156424,57.188,103,0.038,8,2.585695121460483,IDN,SEARO,REPORTING,5/10/2022,406244365.0,199370175.0,148.523,72.89,165719307.0,60.587,"AstraZeneca - Vaxzevria,Beijing CNBG - BBIBP-CorV,Janssen - Ad26.COV 2-S,Moderna - Spikevax,Novavax-NUVAXOVID,Pfizer BioNTech - Comirnaty,Sinovac - CoronaVac",1/13/2021,7.0,41154883.0,15.046
Poland,Europe,6001893,15811.874,3895,10.261,566,116164,306.032,94,0.248,14,1.9354568598257236,POL,EURO,REPORTING,5/1/2022,54370993.0,22769680.0,143.2,59.986,22473613.0,59.206,"AstraZeneca - Vaxzevria,Janssen - Ad26.COV 2-S,Moderna - Spikevax,Novavax-NUVAXOVID,Pfizer BioNTech - Comirnaty",12/23/2020,5.0,11918350.0,31.399
Mexico,Americas,5745652,4456.317,2292,1.778,0,324465,251.654,6,0.005,0,5.64712968130409,MEX,AMRO,REPORTING,5/6/2022,201861103.0,85904997.0,156.563,66.628,79947470.0,62.007,"AstraZeneca - Vaxzevria,CanSino - Convidecia,Gamaleya - Gam-Covid-Vac,Janssen - Ad26.COV 2-S,Moderna - Spikevax,Pfizer BioNTech - Comirnaty,Sinovac - CoronaVac",12/24/2020,7.0,48258084.0,37.429
Ukraine,Europe,5006460,11447.587,3590,8.209,0,108449,247.975,38,0.087,0,2.166177029272632,UKR,EURO,REPORTING,2/27/2022,31668577.0,15774300.0,72.4,36.069,15153577.0,34.65,"AstraZeneca - Vaxzevria,Janssen - Ad26.COV 2-S,Moderna - Spikevax,Pfizer BioNTech - Comirnaty,SII - Covishield,Sinovac - CoronaVac",2/24/2021,6.0,741197.0,1.695
Malaysia,Western Pacific,4463740,13791.448,11959,36.949,2605,35590,109.961,26,0.08,6,0.7973129434994788,MYS,WPRO,REPORTING,5/6/2022,70366312.0,27780052.0,217.408,85.831,26759334.0,82.677,"AstraZeneca - Vaxzevria,Beijing CNBG - BBIBP-CorV,CanSino - Convidecia,Gamaleya - Gam-Covid-Vac,Janssen - Ad26.COV 2-S,Moderna - Spikevax,Pfizer BioNTech - Comirnaty,Sinovac - CoronaVac",2/24/2021,8.0,16040304.0,49.559
Thailand,South-East Asia,4345218,6225.243,54394,77.928,7650,29252,41.908,392,0.562,56,0.6731946046122216,THA,SEARO,REPORTING,5/9/2022,134171194.0,56221946.0,192.222,80.547,51539030.0,73.838,"AstraZeneca - Vaxzevria,Beijing CNBG - BBIBP-CorV,Janssen - Ad26.COV 2-S,Moderna - Spikevax,Pfizer BioNTech - Comirnaty,SII - Covishield,Sinovac - CoronaVac",2/28/2021,7.0,26410218.0,37.837
Austria,Europe,4231050,47534.205,36813,413.58,4787,19816,222.625,51,0.573,3,0.4683469514216131,AUT,EURO,REPORTING,5/1/2022,18278212.0,6823343.0,205.3,76.658,6608360.0,74.242,"AstraZeneca - Vaxzevria,Janssen - Ad26.COV 2-S,Moderna - Spikevax,Novavax-NUVAXOVID,Pfizer BioNTech - Comirnaty,Unknown Vaccine",12/30/2020,6.0,5197422.0,58.391
Belgium,Europe,4102082,35600.81,17516,152.016,0,31580,274.074,45,0.391,0,0.769853270192448,BEL,EURO,REPORTING,5/1/2022,25303482.0,9228773.0,219.6,80.094,9131490.0,79.25,"AstraZeneca - Vaxzevria,Janssen - Ad26.COV 2-S,Moderna - Spikevax,Pfizer BioNTech - Comirnaty",12/30/2020,4.0,7130176.0,61.881
Israel,Europe,4098807,47354.718,14564,168.262,2021,10749,124.186,3,0.035,1,0.2622463088049643,ISR,EURO,REPORTING,4/17/2022,15012927.0,7053159.0,173.4,81.487,6380981.0,73.721,"AstraZeneca - Vaxzevria,Moderna - Spikevax,Pfizer BioNTech - Comirnaty",12/16/2020,3.0,1578787.0,18.24
Portugal,Europe,3991041,38763.367,99866,969.958,20482,22500,218.533,142,1.379,27,0.5637616567208933,PRT,EURO,REPORTING,5/1/2022,23821358.0,9701161.0,231.4,94.328,8836199.0,85.822,"AstraZeneca - Vaxzevria,Beijing CNBG - BBIBP-CorV,Janssen - Ad26.COV 2-S,Moderna - Spikevax,Pfizer BioNTech - Comirnaty,Sinovac - CoronaVac",12/23/2020,6.0,6406862.0,62.227
Czechia,Europe,3914113,36601.228,4917,45.979,755,40233,376.222,37,0.346,1,1.0278944739231153,CZE,EURO,REPORTING,5/1/2022,17563851.0,6952162.0,164.2,65.01,6862670.0,64.173,"AstraZeneca - Vaxzevria,Janssen - Ad26.COV 2-S,Moderna - Spikevax,Novavax-NUVAXOVID,Pfizer BioNTech - Comirnaty",12/23/2020,5.0,4158810.0,38.889
South Africa,Africa,3844625,6482.397,42427,71.536,0,100533,169.508,156,0.263,0,2.614896927787669,ZAF,AFRO,REPORTING,5/8/2022,35124794.0,19703742.0,59.224,33.222,17890102.0,30.164,"Janssen - Ad26.COV 2-S,Pfizer BioNTech - Comirnaty",2/17/2021,2.0,2836165.0,4.782
Canada,Americas,3794896,10054.794,30050,79.619,2060,39788,105.421,338,0.896,5,1.0484650406562284,CAN,AMRO,REPORTING,5/6/2022,82266137.0,32534718.0,217.969,86.203,31193378.0,82.649,"AstraZeneca - Vaxzevria,Janssen - Ad26.COV 2-S,Moderna - Spikevax,Pfizer BioNTech - Comirnaty,SII - Covishield",12/14/2020,5.0,18538041.0,49.118
Philippines,Western Pacific,3687320,3364.924,1104,1.007,127,60439,55.155,27,0.025,0,1.6391157720055491,PHL,WPRO,REPORTING,5/5/2022,147623883.0,73470137.0,134.717,67.046,68956057.0,62.927,"AstraZeneca - Vaxzevria,Beijing CNBG - BBIBP-CorV,Bharat - Covaxin,Gamaleya - Gam-Covid-Vac,Gamaleya - Sputnik-Light,Janssen - Ad26.COV 2-S,Julphar - Hayat-Vax,Moderna - Spikevax,Novavax-NUVAXOVID,Pfizer BioNTech - Comirnaty,Sinovac - CoronaVac",3/1/2021,11.0,13389430.0,12.219
Switzerland,Europe,3631884,41964.694,9684,111.894,3,13217,152.716,7,0.081,0,0.3639154380584784,CHE,EURO,REPORTING,5/1/2022,16198374.0,6413965.0,187.2,74.529,5995819.0,69.67,"Janssen - Ad26.COV 2-S,Moderna - Spikevax,Pfizer BioNTech - Comirnaty",12/23/2020,3.0,3847049.0,44.702
Chile,Americas,3583227,18744.451,19577,102.411,1853,57642,301.535,98,0.513,3,1.608662745043853,CHL,AMRO,REPORTING,5/6/2022,52997000.0,17918425.0,277.236,93.734,17464675.0,91.361,"AstraZeneca - Vaxzevria,CanSino - Convidecia,Moderna - Spikevax,Pfizer BioNTech - Comirnaty,Sinovac - CoronaVac",12/21/2020,5.0,14021464.0,73.349
Peru,Americas,3570075,10827.644,3552,10.773,293,212957,645.875,92,0.279,11,5.965055740657894,PER,AMRO,REPORTING,5/6/2022,72763716.0,29189570.0,220.684,88.529,27002494.0,81.896,"AstraZeneca - Vaxzevria,Beijing CNBG - BBIBP-CorV,Moderna - Spikevax,Pfizer BioNTech - Comirnaty",2/9/2021,4.0,16316965.0,49.488
Greece,Europe,3371051,31450.581,35501,331.21,6416,29444,274.701,195,1.819,27,0.873436964487238,GRC,EURO,REPORTING,5/1/2022,20954161.0,7894162.0,195.5,73.649,7704695.0,71.882,"AstraZeneca - Vaxzevria,Janssen - Ad26.COV 2-S,Moderna - Spikevax,Novavax-NUVAXOVID,Pfizer BioNTech - Comirnaty",12/23/2020,5.0,5754235.0,53.685
Denmark,Europe,3124899,53666.945,5800,99.609,1003,6252,107.372,61,1.048,8,0.2000710120540679,DNK,EURO,REPORTING,5/1/2022,13200246.0,4833577.0,226.7,83.012,4785844.0,82.192,"AstraZeneca - Vaxzevria,Janssen - Ad26.COV 2-S,Moderna - Spikevax,Pfizer BioNTech - Comirnaty,Unknown Vaccine",12/16/2020,5.0,3627647.0,62.301
Romania,Europe,2900375,15005.429,4363,22.572,812,65581,339.291,71,0.367,15,2.2611216247132955,ROU,EURO,REPORTING,5/1/2022,16000304.0,8170257.0,82.8,42.27,8114498.0,41.981,"AstraZeneca - Vaxzevria,Janssen - Ad26.COV 2-S,Moderna - Spikevax,Pfizer BioNTech - Comirnaty",1/27/2021,4.0,1728606.0,8.943
Sweden,Europe,2503090,24236.925,837,8.105,0,18824,182.269,0,0.0,0,0.752030218354845,SWE,EURO,REPORTING,5/1/2022,21331347.0,7550310.0,206.5,73.108,7381438.0,71.473,"AstraZeneca - Vaxzevria,Moderna - Spikevax,Novavax-NUVAXOVID,Pfizer BioNTech - Comirnaty,Unknown Vaccine",12/23/2020,5.0,5310978.0,51.425
Iraq,Eastern Mediterranean,2325871,5782.513,584,1.452,131,25215,62.689,3,0.007,1,1.0841134295763797,IRQ,EMRO,REPORTING,5/8/2022,18142685.0,10557921.0,45.106,26.249,7414628.0,18.434,"AstraZeneca - Vaxzevria,Beijing CNBG - BBIBP-CorV,Bharat - Covaxin,CanSino - Convidecia,Gamaleya - Gam-Covid-Vac,Gamaleya - Sputnik-Light,Janssen - Ad26.COV 2-S,Moderna - Spikevax,Pfizer BioNTech - Comirnaty,Sinovac - CoronaVac",3/2/2021,10.0,170136.0,0.423
Serbia,Europe,2010961,29032.0,3407,49.186,466,16037,231.524,30,0.433,4,0.7974786442546156,SRB,EURO,REPORTING,3/27/2022,6696502.0,3386883.0,96.7,48.896,3309619.0,47.781,"AstraZeneca - Vaxzevria,Beijing CNBG - BBIBP-CorV,Gamaleya - Gam-Covid-Vac,Moderna - Spikevax,Pfizer BioNTech - Comirnaty",12/23/2020,5.0,0.0,0.0
Bangladesh,South-East Asia,1952855,1185.781,112,0.068,0,29127,17.686,0,0.0,0,1.4915064417459885,BGD,SEARO,REPORTING,5/10/2022,258739535.0,128838366.0,157.108,78.231,116692702.0,70.856,"AstraZeneca - Vaxzevria,Beijing CNBG - BBIBP-CorV,Gamaleya - Gam-Covid-Vac,Janssen - Ad26.COV 2-S,Moderna - Spikevax,Pfizer BioNTech - Comirnaty,SII - Covishield,Sinovac - CoronaVac",1/27/2021,8.0,13208467.0,8.02
Hungary,Europe,1909948,19550.058,6748,69.072,6748,46343,474.363,77,0.788,77,2.426402008628312,HUN,EURO,REPORTING,5/1/2022,16371264.0,6343223.0,167.6,64.929,6136829.0,62.816,"AstraZeneca - Vaxzevria,Beijing CNBG - BBIBP-CorV,Gamaleya - Gam-Covid-Vac,Janssen - Ad26.COV 2-S,Moderna - Spikevax,Pfizer BioNTech - Comirnaty,Sinovac - CoronaVac",12/23/2020,7.0,3829408.0,39.197
Slovakia,Europe,1785978,32722.967,2625,48.096,443,20002,366.48,59,1.081,8,1.1199473446280102,SVK,EURO,REPORTING,5/1/2022,7069763.0,2821136.0,129.5,51.689,2770480.0,50.761,"AstraZeneca - Vaxzevria,Gamaleya - Gam-Covid-Vac,Janssen - Ad26.COV 2-S,Moderna - Spikevax,Novavax-NUVAXOVID,Pfizer BioNTech - Comirnaty",1/6/2021,6.0,1646757.0,30.172
Jordan,Eastern Mediterranean,1696054,16622.873,84,0.823,0,14066,137.86,0,0.0,0,0.8293391882377975,JOR,EMRO,REPORTING,5/5/2022,9901017.0,4764976.0,97.039,46.701,4486523.0,43.972,"AstraZeneca - Vaxzevria,Beijing CNBG - BBIBP-CorV,Bharat - Covaxin,CanSino - Convidecia,Gamaleya - Gam-Covid-Vac,Gamaleya - Sputnik-Light,Janssen - Ad26.COV 2-S,Moderna - Spikevax,Pfizer BioNTech - Comirnaty,Sinovac - CoronaVac",1/13/2021,10.0,653646.0,6.406
Georgia,Europe,1655221,41492.815,0,0.0,0,16811,421.415,0,0.0,0,1.0156336705523594,GEO,EURO,REPORTING,4/24/2022,2670636.0,1277876.0,66.9,32.034,1161430.0,29.115,"AstraZeneca - Vaxzevria,Beijing CNBG - BBIBP-CorV,Pfizer BioNTech - Comirnaty,Sinovac - CoronaVac",3/17/2021,4.0,231330.0,5.799
Pakistan,Eastern Mediterranean,1528833,692.117,877,0.397,31,30375,13.751,6,0.003,0,1.986802809351598,PAK,EMRO,REPORTING,5/8/2022,252931485.0,142432832.0,114.504,64.481,120303098.0,54.462,"AstraZeneca - Vaxzevria,Beijing CNBG - BBIBP-CorV,Bharat - Covaxin,CanSino - Convidecia,Gamaleya - Gam-Covid-Vac,Gamaleya - Sputnik-Light,Janssen - Ad26.COV 2-S,Moderna - Spikevax,Pfizer BioNTech - Comirnaty,SII - Covishield,Sinovac - CoronaVac",2/3/2021,11.0,6998766.0,3.168
Ireland,Europe,1527328,30765.363,5280,106.356,424,7167,144.367,37,0.745,6,0.4692517361163591,IRL,EURO,REPORTING,5/1/2022,10781457.0,4033681.0,217.2,81.251,3989700.0,80.366,"AstraZeneca - Vaxzevria,Janssen - Ad26.COV 2-S,Moderna - Spikevax,Novavax-NUVAXOVID,Pfizer BioNTech - Comirnaty",12/30/2020,5.0,2994751.0,60.324
China,Western Pacific,1428927,97.121,277804,18.882,51290,15493,1.053,164,0.011,24,1.084214536506008,CHN,WPRO,REPORTING,5/6/2022,3399003302.0,1295022927.0,231.022,88.02,1263903146.0,85.905,"Anhui ZL - Zifivax,Beijing CNBG - BBIBP-CorV,CanSino - Convidecia,IMB - Covidful,Pfizer BioNTech - Comirnaty,Shenzhen - LV-SMENP-DC,Sinovac - CoronaVac,Wuhan CNBG - Inactivated",7/22/2020,8.0,739107960.0,50.235
Norway,Europe,1428333,26610.372,1534,28.579,167,3006,56.003,0,0.0,0,0.2104555321511476,NOR,EURO,REPORTING,5/1/2022,11293086.0,4333777.0,210.4,80.74,4038343.0,75.236,"AstraZeneca - Vaxzevria,Janssen - Ad26.COV 2-S,Moderna - Spikevax,Pfizer BioNTech - Comirnaty",12/23/2020,4.0,2927946.0,54.549
Kazakhstan,Europe,1394649,7427.548,104,0.554,5,19014,101.264,1,0.005,0,1.3633570594225712,KAZ,EURO,REPORTING,5/1/2022,24513997.0,10529186.0,130.6,56.076,10145531.0,54.033,"Beijing CNBG - BBIBP-CorV,Gamaleya - Gam-Covid-Vac,Pfizer BioNTech - Comirnaty,RIBSP - QazVac,Sinovac - CoronaVac",4/7/2021,5.0,3839280.0,20.447
Singapore,Western Pacific,1225024,20939.357,22478,384.217,4831,1356,23.178,18,0.308,4,0.1106910780498178,SGP,WPRO,REPORTING,5/2/2022,13996595.0,5013097.0,239.244,85.689,4982801.0,85.171,"AstraZeneca - Vaxzevria,Beijing CNBG - BBIBP-CorV,Moderna - Spikevax,Pfizer BioNTech - Comirnaty",12/30/2020,4.0,4000697.0,68.384
Morocco,Eastern Mediterranean,1165366,3157.27,362,0.981,83,16071,43.54,2,0.005,0,1.379039486645108,MAR,EMRO,REPORTING,5/10/2022,54485117.0,24908701.0,147.614,67.484,23387915.0,63.364,"AstraZeneca - Vaxzevria,Beijing CNBG - BBIBP-CorV,Bharat - Covaxin,CanSino - Convidecia,Gamaleya - Gam-Covid-Vac,Gamaleya - Sputnik-Light,Janssen - Ad26.COV 2-S,Moderna - Spikevax,Pfizer BioNTech - Comirnaty,Sinovac - CoronaVac",1/28/2021,10.0,6286214.0,17.031
Bulgaria,Europe,1160347,16692.081,2428,34.928,422,37007,532.361,60,0.863,13,3.189302759793701,BGR,EURO,REPORTING,5/1/2022,4383603.0,2087643.0,63.1,30.032,2057778.0,29.602,"AstraZeneca - Vaxzevria,Janssen - Ad26.COV 2-S,Moderna - Spikevax,Pfizer BioNTech - Comirnaty",12/30/2020,4.0,743630.0,10.697
Croatia,Europe,1128239,27801.703,4661,114.855,440,15899,391.778,51,1.257,3,1.4091870559152435,HRV,EURO,REPORTING,5/1/2022,5243706.0,2311811.0,129.2,57.0,2237678.0,55.14,"AstraZeneca - Vaxzevria,Janssen - Ad26.COV 2-S,Moderna - Spikevax,Novavax-NUVAXOVID,Pfizer BioNTech - Comirnaty,Unknown Vaccine",12/23/2020,6.0,891125.0,21.959
Lebanon,Eastern Mediterranean,1097643,16081.633,525,7.692,68,10402,152.4,10,0.147,2,0.947664954174741,LBN,EMRO,REPORTING,5/9/2022,5613936.0,2679956.0,82.25,39.264,2356112.0,34.52,"AstraZeneca - Vaxzevria,Beijing CNBG - BBIBP-CorV,Bharat - Covaxin,CanSino - Convidecia,Gamaleya - Gam-Covid-Vac,Gamaleya - Sputnik-Light,Janssen - Ad26.COV 2-S,Moderna - Spikevax,Pfizer BioNTech - Comirnaty,Sinovac - CoronaVac",2/14/2021,10.0,577868.0,8.466
Lithuania,Europe,1060058,37939.293,1064,38.08,198,9123,326.511,12,0.429,1,0.8606143504044739,LTU,EURO,REPORTING,5/1/2022,4466348.0,1949989.0,159.8,69.944,1899322.0,67.976,"AstraZeneca - Vaxzevria,Janssen - Ad26.COV 2-S,Moderna - Spikevax,Pfizer BioNTech - Comirnaty,Unknown Vaccine",12/23/2020,5.0,886648.0,31.733
Finland,Europe,1052767,19053.599,1459,26.406,0,4150,75.109,0,0.0,0,0.394198492368817,FIN,EURO,REPORTING,5/1/2022,11788503.0,4527706.0,213.4,81.945,4333456.0,78.429,"AstraZeneca - Vaxzevria,Janssen - Ad26.COV 2-S,Moderna - Spikevax,Pfizer BioNTech - Comirnaty,Unknown Vaccine",12/23/2020,5.0,2927341.0,52.981
Tunisia,Eastern Mediterranean,1041197,8809.803,1004,8.495,0,28575,241.78,25,0.212,0,2.7444427531466937,TUN,EMRO,REPORTING,5/9/2022,13151111.0,7225647.0,111.275,61.138,6368899.0,53.889,"AstraZeneca - Vaxzevria,Beijing CNBG - BBIBP-CorV,Bharat - Covaxin,CanSino - Convidecia,Gamaleya - Gam-Covid-Vac,Gamaleya - Sputnik-Light,Janssen - Ad26.COV 2-S,Moderna - Spikevax,Pfizer BioNTech - Comirnaty,Sinovac - CoronaVac",3/13/2021,10.0,1243334.0,10.52
Slovenia,Europe,1016993,48523.876,5656,269.865,982,7697,367.248,13,0.62,1,0.7568397874893589,SVN,EURO,REPORTING,5/1/2022,2956156.0,1238708.0,141.0,59.103,1207508.0,57.614,"AstraZeneca - Vaxzevria,Janssen - Ad26.COV 2-S,Moderna - Spikevax,Novavax-NUVAXOVID,Pfizer BioNTech - Comirnaty",12/23/2020,5.0,645904.0,30.818
New Zealand,Western Pacific,1009876,20942.082,52135,1081.138,8047,855,17.73,102,2.115,29,0.0846620694160208,NZL,WPRO,REPORTING,5/6/2022,11053632.0,4263702.0,229.222,88.418,4074691.0,84.498,"AstraZeneca - Vaxzevria,Janssen - Ad26.COV 2-S,Novavax-NUVAXOVID,Pfizer BioNTech - Comirnaty",2/19/2021,4.0,2660782.0,55.177
Belarus,Europe,982867,10401.456,1999,21.155,58,6978,73.847,24,0.254,4,0.7099679121846018,BLR,EURO,REPORTING,5/1/2022,12495345.0,6235073.0,132.2,65.984,5851853.0,61.929,"Beijing CNBG - BBIBP-CorV,Chumakov - Covi-Vac,Gamaleya - Gam-Covid-Vac,Gamaleya - Sputnik-Light",2/3/2021,4.0,691479.0,7.318
Nepal,South-East Asia,978978,3359.936,94,0.323,18,11952,41.02,0,0.0,0,1.2208565877445283,NPL,SEARO,REPORTING,5/9/2022,45693223.0,22326785.0,156.823,76.627,19701003.0,67.616,"AstraZeneca - Vaxzevria,Beijing CNBG - BBIBP-CorV,Bharat - Covaxin,Gamaleya - Gam-Covid-Vac,Janssen - Ad26.COV 2-S,Moderna - Spikevax,Pfizer BioNTech - Comirnaty,SII - Covishield",1/27/2021,8.0,3665435.0,12.58
Mongolia,Western Pacific,922227,28131.343,802,24.464,0,2111,64.393,1,0.031,0,0.2289012650409189,MNG,WPRO,REPORTING,5/6/2022,5619236.0,2273095.0,171.408,69.338,2175855.0,66.372,"AstraZeneca - Vaxzevria,Beijing CNBG - BBIBP-CorV,Gamaleya - Gam-Covid-Vac,Moderna - Spikevax,Pfizer BioNTech - Comirnaty,SII - Covishield",2/23/2021,6.0,1041240.0,31.762
Bolivia (Plurinational State of),Americas,905453,7756.801,356,3.05,0,21925,187.826,2,0.017,0,2.4214363627479933,BOL,AMRO,REPORTING,5/6/2022,13606698.0,7177505.0,116.565,61.488,5930420.0,50.805,"Beijing CNBG - BBIBP-CorV,Gamaleya - Gam-Covid-Vac,Janssen - Ad26.COV 2-S,Moderna - Spikevax,Pfizer BioNTech - Comirnaty,SII - Covishield",1/30/2021,6.0,1387905.0,11.89
Uruguay,Americas,902540,25981.87,2817,81.094,0,7213,207.644,3,0.086,0,0.7991880492050805,URY,AMRO,REPORTING,5/6/2022,8186727.0,2984761.0,235.675,85.924,2864925.0,82.474,"AstraZeneca - Vaxzevria,Pfizer BioNTech - Comirnaty,Sinovac - CoronaVac",2/27/2021,3.0,2337041.0,67.278
Ecuador,Americas,871029,4936.951,1126,6.382,0,35602,201.79,4,0.023,0,4.087340546827384,ECU,AMRO,REPORTING,5/6/2022,34566499.0,15134584.0,195.921,85.782,13925623.0,78.93,"AstraZeneca - Vaxzevria,CanSino - Convidecia,Pfizer BioNTech - Comirnaty,Sinovac - CoronaVac",1/20/2021,4.0,5915440.0,33.528
Costa Rica,Americas,857290,16829.017,5216,102.393,0,8421,165.308,16,0.314,0,0.9822795948212542,CRI,AMRO,REPORTING,5/6/2022,10698423.0,4413772.0,210.015,86.644,4105520.0,80.593,"AstraZeneca - Vaxzevria,Moderna - Spikevax,Pfizer BioNTech - Comirnaty",12/24/2020,3.0,2179131.0,42.777
Guatemala,Americas,849552,4741.976,2920,16.299,57,17703,98.814,90,0.502,4,2.0838148484935397,GTM,AMRO,REPORTING,5/6/2022,17045569.0,8149141.0,95.144,45.486,6146209.0,34.307,"AstraZeneca - Vaxzevria,Gamaleya - Gam-Covid-Vac,Moderna - Spikevax,Pfizer BioNTech - Comirnaty,SII - Covishield",2/25/2021,5.0,2733733.0,15.259
Latvia,Europe,824926,43242.481,1816,95.194,291,5792,303.616,15,0.786,2,0.7021243762586147,LVA,EURO,REPORTING,4/24/2022,2820615.0,1300253.0,147.9,68.159,1267891.0,66.463,"AstraZeneca - Vaxzevria,Janssen - Ad26.COV 2-S,Moderna - Spikevax,Novavax-NUVAXOVID,Pfizer BioNTech - Comirnaty",12/30/2020,5.0,524483.0,27.493
Azerbaijan,Europe,792638,7817.579,53,0.523,6,9709,95.757,0,0.0,0,1.2248932821785363,AZE,EURO,REPORTING,4/24/2022,13499692.0,5362072.0,133.1,52.885,4843392.0,47.769,"AstraZeneca - Vaxzevria,Gamaleya - Gam-Covid-Vac,Gamaleya - Sputnik-Light,Pfizer BioNTech - Comirnaty,Sinovac - CoronaVac",1/20/2021,5.0,3294230.0,32.49
Panama,Americas,789830,18305.276,12172,282.101,1359,8194,189.906,9,0.209,1,1.037438605132203,PAN,AMRO,REPORTING,5/6/2022,8079415.0,3466298.0,187.25,80.336,3079475.0,71.371,"AstraZeneca - Vaxzevria,Pfizer BioNTech - Comirnaty",1/20/2021,2.0,1529863.0,35.456
Saudi Arabia,Eastern Mediterranean,756549,2173.125,2209,6.345,569,9104,26.15,11,0.032,0,1.2033362093758988,SAU,EMRO,REPORTING,5/10/2022,64649318.0,26470771.0,185.7,76.035,24816030.0,71.282,"AstraZeneca - Vaxzevria,Beijing CNBG - BBIBP-CorV,Bharat - Covaxin,CanSino - Convidecia,Gamaleya - Gam-Covid-Vac,Gamaleya - Sputnik-Light,Janssen - Ad26.COV 2-S,Moderna - Spikevax,Pfizer BioNTech - Comirnaty,Sinovac - CoronaVac",1/6/2021,10.0,13362517.0,38.383
Sri Lanka,South-East Asia,663597,3099.002,128,0.598,0,16509,77.097,2,0.009,0,2.487800911390183,LKA,SEARO,REPORTING,5/9/2022,39503105.0,17066783.0,184.48,79.702,14464168.0,67.548,"AstraZeneca - Vaxzevria,Beijing CNBG - BBIBP-CorV,Gamaleya - Gam-Covid-Vac,Moderna - Spikevax,Pfizer BioNTech - Comirnaty,SII - Covishield",1/29/2021,6.0,7972154.0,37.23
Paraguay,Americas,649718,9109.212,263,3.687,0,18872,264.59,2,0.028,0,2.90464202611598,PRY,AMRO,REPORTING,5/6/2022,8647379.0,3895435.0,121.238,54.615,3386833.0,47.484,"AstraZeneca - Vaxzevria,Beijing CNBG - BBIBP-CorV,Bharat - Covaxin,Gamaleya - Gam-Covid-Vac,Julphar - Hayat-Vax,Moderna - Spikevax,Pfizer BioNTech - Comirnaty,Sinovac - CoronaVac",2/22/2021,8.0,1363828.0,19.121
Kuwait,Eastern Mediterranean,632074,14800.691,247,5.784,0,2555,59.828,0,0.0,0,0.4042243703351418,KWT,EMRO,REPORTING,5/10/2022,7990026.0,3421731.0,187.095,80.124,3300602.0,77.287,"AstraZeneca - Vaxzevria,Beijing CNBG - BBIBP-CorV,Bharat - Covaxin,CanSino - Convidecia,Gamaleya - Gam-Covid-Vac,Gamaleya - Sputnik-Light,Janssen - Ad26.COV 2-S,Moderna - Spikevax,Pfizer BioNTech - Comirnaty,Sinovac - CoronaVac",12/28/2020,10.0,1267693.0,29.684
Myanmar,South-East Asia,613066,1126.757,101,0.186,0,19434,35.718,0,0.0,0,3.169982525069736,MMR,SEARO,REPORTING,5/9/2022,55949240.0,30782442.0,102.829,56.575,23672564.0,43.508,"Beijing CNBG - BBIBP-CorV,SII - Covishield",1/27/2021,2.0,1494234.0,2.746
Dominican Republic,Americas,580020,5346.836,448,4.13,0,4376,40.34,0,0.0,0,0.7544648835311202,DOM,AMRO,REPORTING,5/6/2022,15502635.0,7208988.0,142.909,66.455,5964717.0,54.985,"AstraZeneca - Vaxzevria,SII - Covishield,Sinovac - CoronaVac",2/16/2021,3.0,2328930.0,21.469
Bahrain,Eastern Mediterranean,574401,33757.019,4674,274.687,644,1477,86.802,1,0.059,0,0.2571376341021107,BHR,EMRO,REPORTING,5/10/2022,3437604.0,1235076.0,202.025,72.584,1219273.0,71.656,"AstraZeneca - Vaxzevria,Beijing CNBG - BBIBP-CorV,Bharat - Covaxin,CanSino - Convidecia,Gamaleya - Gam-Covid-Vac,Gamaleya - Sputnik-Light,Janssen - Ad26.COV 2-S,Moderna - Spikevax,Pfizer BioNTech - Comirnaty,SII - Covishield,Sinovac - CoronaVac",11/4/2020,11.0,983255.0,57.785
Estonia,Europe,573922,43185.279,861,64.787,0,2556,192.329,5,0.376,0,0.4453577803677035,EST,EURO,REPORTING,5/1/2022,2066615.0,841064.0,155.5,63.287,836478.0,62.942,"AstraZeneca - Vaxzevria,Janssen - Ad26.COV 2-S,Moderna - Spikevax,Novavax-NUVAXOVID,Pfizer BioNTech - Comirnaty",12/23/2020,5.0,453413.0,34.117
Venezuela (Bolivarian Republic of),Americas,522749,1838.339,235,0.826,0,5709,20.077,0,0.0,0,1.0921271865526434,VEN,AMRO,REPORTING,5/6/2022,37860994.0,22157232.0,133.145,77.92,14287370.0,50.244,"Beijing CNBG - BBIBP-CorV,CIGB - CIGB-66,Finlay - Soberana-02,Gamaleya - Gam-Covid-Vac,Gamaleya - Sputnik-Light,Sinovac - CoronaVac",2/22/2021,6.0,651502.0,2.291
Republic of Moldova,Europe,518166,12845.086,413,10.238,0,11516,285.476,13,0.322,0,2.222453006542736,MDA,EURO,REPORTING,5/1/2022,2174088.0,1090356.0,53.9,27.029,1060647.0,26.293,"AstraZeneca - Vaxzevria,Beijing CNBG - BBIBP-CorV,Gamaleya - Gam-Covid-Vac,Janssen - Ad26.COV 2-S,Moderna - Spikevax,Pfizer BioNTech - Comirnaty,Sinovac - CoronaVac",3/3/2021,7.0,324506.0,8.044
Egypt,Eastern Mediterranean,513846,502.124,56,0.055,0,24669,24.106,28,0.027,0,4.800806175367041,EGY,EMRO,REPORTING,5/8/2022,82376780.0,46490815.0,80.498,45.43,34569036.0,33.78,"AstraZeneca - Vaxzevria,Beijing CNBG - BBIBP-CorV,Bharat - Covaxin,CanSino - Convidecia,Gamaleya - Gam-Covid-Vac,Gamaleya - Sputnik-Light,Janssen - Ad26.COV 2-S,Moderna - Spikevax,Pfizer BioNTech - Comirnaty,Sinovac - CoronaVac",1/24/2021,10.0,2754574.0,2.692
Libya,Eastern Mediterranean,501919,7304.58,3,0.044,0,6430,93.578,0,0.0,0,1.2810866606978089,LBY,EMRO,REPORTING,5/5/2022,3454320.0,2215144.0,50.272,32.238,1141412.0,16.611,"AstraZeneca - Vaxzevria,Beijing CNBG - BBIBP-CorV,Bharat - Covaxin,CanSino - Convidecia,Gamaleya - Gam-Covid-Vac,Gamaleya - Sputnik-Light,Janssen - Ad26.COV 2-S,Moderna - Spikevax,Pfizer BioNTech - Comirnaty,Sinovac - CoronaVac",4/11/2021,10.0,97764.0,1.423
Cyprus,Europe,483664,54466.36,3444,387.836,0,1027,115.653,12,1.351,0,0.2123384048429158,CYP,EURO,REPORTING,5/1/2022,1767252.0,662881.0,199.0,74.648,659031.0,74.215,"AstraZeneca - Vaxzevria,Janssen - Ad26.COV 2-S,Moderna - Spikevax,Novavax-NUVAXOVID,Pfizer BioNTech - Comirnaty",12/23/2020,5.0,459937.0,51.794
Ethiopia,Africa,470760,409.486,151,0.131,0,7510,6.533,0,0.0,0,1.5954147394538525,ETH,AFRO,REPORTING,5/8/2022,29373478.0,24769870.0,25.55,21.546,21291403.0,18.52,"Beijing CNBG - BBIBP-CorV,Bharat - Covaxin,Janssen - Ad26.COV 2-S,SII - Covishield",3/13/2021,4.0,346411.0,0.301
Honduras,Americas,424365,4284.521,647,6.532,486,10895,109.999,2,0.02,0,2.5673581714268643,HND,AMRO,REPORTING,5/6/2022,13657639.0,5960689.0,137.892,60.181,5340476.0,53.919,"AstraZeneca - Vaxzevria,Gamaleya - Gam-Covid-Vac,Janssen - Ad26.COV 2-S,Moderna - Spikevax,Pfizer BioNTech - Comirnaty,SII - Covishield",2/22/2021,6.0,2356849.0,23.795
Armenia,Europe,422900,14271.57,23,0.776,0,8623,291.0,1,0.034,0,2.039018832546104,ARM,EURO,REPORTING,4/17/2022,2154689.0,1131339.0,72.7,38.179,987673.0,33.331,"AstraZeneca - Vaxzevria,Beijing CNBG - BBIBP-CorV,Gamaleya - Gam-Covid-Vac,Gamaleya - Sputnik-Light,Moderna - Spikevax,Pfizer BioNTech - Comirnaty,Sinovac - CoronaVac,Wuhan CNBG - Inactivated",6/16/2021,8.0,41766.0,1.409
Oman,Eastern Mediterranean,389325,7623.918,199,3.897,19,4259,83.401,1,0.02,0,1.0939388382718702,OMN,EMRO,REPORTING,4/27/2022,7039789.0,3261677.0,137.856,63.871,3030281.0,59.34,"AstraZeneca - Vaxzevria,Beijing CNBG - BBIBP-CorV,Bharat - Covaxin,CanSino - Convidecia,Gamaleya - Gam-Covid-Vac,Gamaleya - Sputnik-Light,Janssen - Ad26.COV 2-S,Moderna - Spikevax,Pfizer BioNTech - Comirnaty,SII - Covishield,Sinovac - CoronaVac",12/29/2020,11.0,747831.0,14.644
Kenya,Africa,323900,602.366,104,0.193,0,5649,10.506,0,0.0,0,1.7441223442226157,KEN,AFRO,REPORTING,5/8/2022,17927457.0,11711277.0,33.34,21.78,8315517.0,15.465,"Beijing CNBG - BBIBP-CorV,Janssen - Ad26.COV 2-S,Moderna - Spikevax,Pfizer BioNTech - Comirnaty,SII - Covishield",3/5/2021,5.0,304280.0,0.566
Zambia,Africa,319755,1739.316,0,0.0,0,3976,21.628,0,0.0,0,1.2434773209698526,ZMB,AFRO,REPORTING,5/8/2022,3750417.0,3240892.0,20.4,17.629,2333446.0,12.693,"Beijing CNBG - BBIBP-CorV,Janssen - Ad26.COV 2-S,SII - Covishield",4/14/2021,3.0,95513.0,0.52
North Macedonia,Europe,310413,14899.49,625,29.999,115,9287,445.766,1,0.048,0,2.991820525400534,MKD,EURO,REPORTING,5/1/2022,1847640.0,853497.0,88.7,41.108,836829.0,40.305,"AstraZeneca - Vaxzevria,Beijing CNBG - BBIBP-CorV,Gamaleya - Gam-Covid-Vac,Pfizer BioNTech - Comirnaty,Sinovac - CoronaVac,Wuhan CNBG - Inactivated",2/17/2021,6.0,157314.0,7.577
Botswana,Africa,306200,13020.772,0,0.0,0,2690,114.389,0,0.0,0,0.8785116581413144,BWA,AFRO,REPORTING,5/8/2022,1920000.0,1479625.0,81.646,62.919,1339651.0,56.967,"Bharat - Covaxin,Janssen - Ad26.COV 2-S,Moderna - Spikevax,Pfizer BioNTech - Comirnaty,SII - Covishield,Sinovac - CoronaVac",3/26/2021,6.0,327708.0,13.935
Albania,Europe,275416,9570.366,225,7.818,44,3497,121.516,1,0.035,0,1.2697111061374249,ALB,EURO,REPORTING,5/1/2022,2825500.0,1299321.0,98.2,45.655,1230636.0,43.242,"AstraZeneca - Vaxzevria,Gamaleya - Gam-Covid-Vac,Pfizer BioNTech - Comirnaty,SII - Covishield,Sinovac - CoronaVac",1/13/2021,5.0,295543.0,10.385
Algeria,Africa,265800,606.143,18,0.041,0,6875,15.678,0,0.0,0,2.5865183628285737,DZA,AFRO,REPORTING,5/8/2022,15205854.0,7840131.0,34.676,17.879,6481186.0,14.78,"Beijing CNBG - BBIBP-CorV,Gamaleya - Gam-Covid-Vac,SII - Covishield,Sinovac - CoronaVac",1/30/2021,4.0,514063.0,1.172
Nigeria,Africa,255766,124.074,0,0.0,0,3143,1.525,0,0.0,0,1.2291052114060963,NGA,AFRO,REPORTING,5/8/2022,41091354.0,27401621.0,19.934,13.293,15931011.0,7.728,SII - Covishield,3/5/2021,1.0,942369.0,0.457
Zimbabwe,Africa,247842,1667.518,0,0.0,0,5469,36.796,0,0.0,0,2.2066328519392293,ZWE,AFRO,REPORTING,5/8/2022,10350000.0,5894358.0,69.636,39.658,3776489.0,25.409,"Beijing CNBG - BBIBP-CorV,Bharat - Covaxin,Gamaleya - Gam-Covid-Vac,Sinovac - CoronaVac",2/18/2021,4.0,628615.0,4.229
Luxembourg,Europe,242194,38682.464,2859,456.63,16,1071,171.057,5,0.799,1,0.4422081282102402,LUX,EURO,REPORTING,5/1/2022,1255649.0,468958.0,200.5,74.9,461798.0,73.757,"AstraZeneca - Vaxzevria,Janssen - Ad26.COV 2-S,Moderna - Spikevax,Novavax-NUVAXOVID,Pfizer BioNTech - Comirnaty",12/30/2020,5.0,359283.0,57.384
Uzbekistan,Europe,238747,713.333,111,0.332,4,1637,4.891,0,0.0,0,0.6856545260067879,UZB,EURO,REPORTING,4/24/2022,48286000.0,19169443.0,144.3,57.275,14551774.0,43.478,"Anhui ZL - Zifivax,Gamaleya - Gam-Covid-Vac,Gamaleya - Sputnik-Light,Moderna - Spikevax,Pfizer BioNTech - Comirnaty,SII - Covishield,Sinovac - CoronaVac",4/28/2021,7.0,4571851.0,13.66
Montenegro,Europe,235939,37566.196,539,85.82,107,2717,432.601,2,0.318,0,1.1515698847974918,MNE,EURO,REPORTING,4/10/2022,528839.0,276421.0,84.2,44.45,252418.0,40.59,"AstraZeneca - Vaxzevria,Beijing CNBG - BBIBP-CorV,Gamaleya - Gam-Covid-Vac,Pfizer BioNTech - Comirnaty,Unknown Vaccine",2/24/2021,5.0,0.0,0.0
Mozambique,Africa,225430,721.251,43,0.138,0,2201,7.042,0,0.0,0,0.9763591315644624,MOZ,AFRO,REPORTING,5/8/2022,31616078.0,14816217.0,101.154,47.404,13891137.0,44.444,"Beijing CNBG - BBIBP-CorV,Janssen - Ad26.COV 2-S,SII - Covishield",3/8/2021,3.0,340293.0,1.089
Mauritius,Africa,222848,17522.693,0,0.0,0,996,78.316,0,0.0,0,0.4469404331856981,MUS,AFRO,REPORTING,5/8/2022,2698115.0,1000474.0,212.155,78.668,963452.0,75.757,"Beijing CNBG - BBIBP-CorV,Bharat - Covaxin,SII - Covishield",1/26/2021,3.0,607749.0,47.788
Lao People's Democratic Republic,Western Pacific,209028,2873.016,1180,16.219,89,752,10.336,6,0.082,1,0.3597613100657984,LAO,WPRO,REPORTING,4/6/2022,10527679.0,5670200.0,144.699,77.935,4614786.0,63.429,"AstraZeneca - Vaxzevria,Beijing CNBG - BBIBP-CorV,Gamaleya - Gam-Covid-Vac,Gamaleya - Sputnik-Light,Janssen - Ad26.COV 2-S,Pfizer BioNTech - Comirnaty,SII - Covishield,Sinovac - CoronaVac",11/25/2020,8.0,1289144.0,17.719
Kyrgyzstan,Europe,200993,3080.734,0,0.0,0,2991,45.845,0,0.0,0,1.48811938972985,KGZ,EURO,REPORTING,5/1/2022,2786644.0,1412449.0,42.7,21.649,1238165.0,18.978,"AstraZeneca - Vaxzevria,Beijing CNBG - BBIBP-CorV,Gamaleya - Gam-Covid-Vac,Moderna - Spikevax,Pfizer BioNTech - Comirnaty,RIBSP - QazVac",3/31/2021,6.0,136030.0,2.085
Iceland,Europe,186179,51129.255,438,120.285,90,120,32.955,1,0.275,0,0.0644542933394981,ISL,EURO,REPORTING,4/3/2022,797004.0,306009.0,218.9,84.037,296252.0,81.358,"AstraZeneca - Vaxzevria,Janssen - Ad26.COV 2-S,Moderna - Spikevax,Pfizer BioNTech - Comirnaty",12/30/2020,4.0,248616.0,68.276
Maldives,South-East Asia,179483,33204.142,55,10.175,0,298,55.13,0,0.0,0,0.1660335026877068,MDV,SEARO,REPORTING,5/9/2022,941585.0,398597.0,174.192,73.74,383980.0,71.036,"AstraZeneca - Vaxzevria,Beijing CNBG - BBIBP-CorV,Gamaleya - Gam-Covid-Vac,Janssen - Ad26.COV 2-S,Moderna - Spikevax,Pfizer BioNTech - Comirnaty,SII - Covishield,Sinovac - CoronaVac",2/1/2021,8.0,159008.0,29.416
Uganda,Africa,164153,358.875,29,0.063,0,3598,7.866,0,0.0,0,2.191849529780564,UGA,AFRO,REPORTING,5/8/2022,20899440.0,15686085.0,45.691,34.293,10568519.0,23.105,"Janssen - Ad26.COV 2-S,Moderna - Spikevax,Pfizer BioNTech - Comirnaty,SII - Covishield,Sinovac - CoronaVac",3/10/2021,5.0,65835.0,0.144
El Salvador,Americas,162089,2498.981,0,0.0,0,4129,63.658,1,0.015,1,2.547358303244402,SLV,AMRO,REPORTING,5/6/2022,10650522.0,4579500.0,164.203,70.604,4288368.0,66.115,"AstraZeneca - Vaxzevria,Beijing CNBG - BBIBP-CorV,Moderna - Spikevax,Pfizer BioNTech - Comirnaty,SII - Covishield,Sinovac - CoronaVac",2/17/2021,6.0,1597387.0,24.627
Ghana,Africa,161269,519.001,47,0.151,0,1445,4.65,0,0.0,0,0.8959520309209424,GHA,AFRO,REPORTING,5/8/2022,13047826.0,9688415.0,41.991,31.18,6030567.0,19.408,"Gamaleya - Gam-Covid-Vac,SII - Covishield",3/2/2021,2.0,438799.0,1.412
Namibia,Africa,159052,6259.659,241,9.485,0,4026,158.447,1,0.039,0,2.5312401202685324,NAM,AFRO,REPORTING,5/8/2022,834756.0,479078.0,32.853,18.855,408202.0,16.065,"Beijing CNBG - BBIBP-CorV,Janssen - Ad26.COV 2-S,Pfizer BioNTech - Comirnaty,SII - Covishield",3/19/2021,4.0,55574.0,2.187
Guadeloupe,Americas,152516,38117.184,2561,640.052,0,945,236.177,1,0.25,0,0.6196076814068951,GLP,AMRO,REPORTING,5/6/2022,373576.0,148333.0,93.365,37.072,142425.0,35.595,"AstraZeneca - Vaxzevria,Janssen - Ad26.COV 2-S,Moderna - Spikevax,Pfizer BioNTech - Comirnaty",1/8/2021,6.0,82818.0,20.698
Trinidad and Tobago,Americas,151806,10847.253,3176,226.94,214,3856,275.529,23,1.643,4,2.5400808849945693,TTO,AMRO,REPORTING,5/6/2022,1553619.0,747661.0,111.013,53.424,711507.0,50.841,"AstraZeneca - Vaxzevria,Beijing CNBG - BBIBP-CorV,Janssen - Ad26.COV 2-S,Pfizer BioNTech - Comirnaty,SII - Covishield",2/17/2021,5.0,151283.0,10.81
Brunei Darussalam,Western Pacific,143372,32772.316,1293,295.557,265,159,36.345,1,0.229,0,0.110901530425863,BRN,WPRO,REPORTING,5/6/2022,1124061.0,432057.0,256.941,98.761,409091.0,93.511,"AstraZeneca - Vaxzevria,Beijing CNBG - BBIBP-CorV,Janssen - Ad26.COV 2-S,Moderna - Spikevax,Pfizer BioNTech - Comirnaty",4/3/2021,5.0,282887.0,64.663
Cambodia,Western Pacific,136262,815.015,5,0.03,0,3056,18.279,0,0.0,0,2.2427808077151954,KHM,WPRO,REPORTING,5/6/2022,38460280.0,14932546.0,230.04,89.315,14192815.0,84.891,"AstraZeneca - Vaxzevria,Beijing CNBG - BBIBP-CorV,Janssen - Ad26.COV 2-S,Moderna - Spikevax,Pfizer BioNTech - Comirnaty,SII - Covishield,Sinovac - CoronaVac",2/10/2021,7.0,8586491.0,51.358
Jamaica,Americas,131327,4434.974,989,33.399,0,2980,100.636,11,0.371,0,2.2691452080666084,JAM,AMRO,REPORTING,5/6/2022,1420563.0,792047.0,47.973,26.748,688645.0,23.256,"AstraZeneca - Vaxzevria,Beijing CNBG - BBIBP-CorV,Janssen - Ad26.COV 2-S,Pfizer BioNTech - Comirnaty,SII - Covishield",3/10/2021,5.0,37608.0,1.27
Rwanda,Africa,129875,1002.724,36,0.278,0,1459,11.264,0,0.0,0,1.1233400217806695,RWA,AFRO,REPORTING,5/8/2022,20141669.0,9005283.0,155.507,69.527,8405309.0,64.895,"Beijing CNBG - BBIBP-CorV,Gamaleya - Gam-Covid-Vac,Janssen - Ad26.COV 2-S,Moderna - Spikevax,Pfizer BioNTech - Comirnaty,SII - Covishield,Sinovac - CoronaVac",3/5/2021,7.0,4188208.0,32.336
Cameroon,Africa,119780,451.219,0,0.0,0,1927,7.259,0,0.0,0,1.6087531775036068,CMR,AFRO,REPORTING,5/8/2022,1828882.0,1552320.0,6.89,5.848,1209108.0,4.555,"Beijing CNBG - BBIBP-CorV,Janssen - Ad26.COV 2-S,Pfizer BioNTech - Comirnaty,SII - Covishield",4/12/2021,4.0,52011.0,0.196
Angola,Africa,99287,302.094,0,0.0,0,1900,5.781,0,0.0,0,1.9136427734413792,AGO,AFRO,REPORTING,5/8/2022,17896626.0,12059919.0,54.453,36.694,6327907.0,19.253,SII - Covishield,3/10/2021,1.0,369899.0,1.125
Malta,Europe,93041,18081.521,891,173.156,123,713,138.564,11,2.138,2,0.7663293370065493,MLT,EURO,REPORTING,4/24/2022,1216447.0,449828.0,236.4,87.419,443707.0,86.23,"AstraZeneca - Vaxzevria,Janssen - Ad26.COV 2-S,Moderna - Spikevax,Pfizer BioNTech - Comirnaty",12/23/2020,4.0,347060.0,67.447
Senegal,Africa,86016,513.715,9,0.054,0,1966,11.742,0,0.0,0,2.285703162259229,SEN,AFRO,REPORTING,5/8/2022,2469499.0,1465788.0,14.749,8.754,1047236.0,6.254,"Beijing CNBG - BBIBP-CorV,Janssen - Ad26.COV 2-S,SII - Covishield",2/23/2021,3.0,7027.0,0.042
Malawi,Africa,85816,448.595,26,0.136,0,2634,13.769,0,0.0,0,3.0693610049153466,MWI,AFRO,REPORTING,5/8/2022,2054585.0,1596607.0,10.74,8.346,908688.0,4.75,"Janssen - Ad26.COV 2-S,SII - Covishield",3/11/2021,2.0,740.0,0.004
Côte d’Ivoire,Africa,81974,310.763,15,0.057,0,799,3.029,0,0.0,0,0.9746977600293472,CIV,AFRO,REPORTING,5/8/2022,12387947.0,7952458.0,46.963,30.148,5445391.0,20.643,"Beijing CNBG - BBIBP-CorV,Gamaleya - Gam-Covid-Vac,Janssen - Ad26.COV 2-S,Pfizer BioNTech - Comirnaty,SII - Covishield",3/1/2021,5.0,87290.0,0.331
French Guiana,Americas,80859,27071.936,0,0.0,0,395,132.248,0,0.0,0,0.4885058829926311,GUF,AMRO,REPORTING,5/6/2022,227699.0,97727.0,76.235,32.719,88414.0,29.601,"Moderna - Spikevax,Pfizer BioNTech - Comirnaty",1/13/2021,2.0,41558.0,13.914
Suriname,Americas,79393,13533.697,57,9.716,0,1328,226.377,0,0.0,0,1.672691504767692,SUR,AMRO,REPORTING,5/6/2022,553668.0,267593.0,94.381,45.615,237596.0,40.502,"AstraZeneca - Vaxzevria,Beijing CNBG - BBIBP-CorV,Moderna - Spikevax,Pfizer BioNTech - Comirnaty,SII - Covishield",2/23/2021,5.0,48479.0,8.264
Barbados,Americas,73856,25700.217,3363,1170.248,264,430,149.63,32,11.135,24,0.5822129828709228,BRB,AMRO,REPORTING,5/6/2022,361863.0,161776.0,125.92,56.294,152018.0,52.899,"AstraZeneca - Vaxzevria,Beijing CNBG - BBIBP-CorV,Janssen - Ad26.COV 2-S,Pfizer BioNTech - Comirnaty,SII - Covishield",1/8/2021,5.0,48069.0,16.727
Fiji,Western Pacific,64725,7220.186,79,8.813,0,862,96.158,0,0.0,0,1.331793945474535,FJI,WPRO,REPORTING,5/5/2022,1447529.0,687835.0,161.474,76.729,634655.0,70.797,"AstraZeneca - Vaxzevria,Moderna - Spikevax,SII - Covishield",3/7/2021,3.0,125039.0,13.948
Madagascar,Africa,64236,231.974,55,0.199,0,1393,5.031,2,0.007,0,2.168777535413452,MDG,AFRO,REPORTING,5/8/2022,2369775.0,1290584.0,8.558,4.661,1156975.0,4.178,"Beijing CNBG - BBIBP-CorV,Janssen - Ad26.COV 2-S,SII - Covishield",5/10/2021,3.0,27380.0,0.099
Guyana,Americas,63586,8084.144,102,12.968,3,1228,156.124,0,0.0,0,1.9312372466398424,GUY,AMRO,REPORTING,5/6/2022,903034.0,475116.0,114.809,60.405,365149.0,46.424,"AstraZeneca - Vaxzevria,Beijing CNBG - BBIBP-CorV,Gamaleya - Gam-Covid-Vac,Janssen - Ad26.COV 2-S,Moderna - Spikevax,Pfizer BioNTech - Comirnaty,SII - Covishield",2/11/2021,7.0,62769.0,7.98
Sudan,Eastern Mediterranean,62161,141.761,23,0.052,0,4936,11.257,3,0.007,0,7.940829988501774,SDN,EMRO,REPORTING,5/1/2022,7096087.0,5929766.0,16.183,13.523,3631390.0,8.282,"AstraZeneca - Vaxzevria,Beijing CNBG - BBIBP-CorV,Bharat - Covaxin,CanSino - Convidecia,Gamaleya - Gam-Covid-Vac,Gamaleya - Sputnik-Light,Janssen - Ad26.COV 2-S,Moderna - Spikevax,Pfizer BioNTech - Comirnaty,SII - Covishield,Sinovac - CoronaVac",3/9/2021,11.0,38261.0,0.087
New Caledonia,Western Pacific,61185,21430.973,300,105.08,298,312,109.283,0,0.0,0,0.5099301837578724,NCL,WPRO,REPORTING,5/2/2022,459742.0,188146.0,161.032,65.901,180038.0,63.061,"Janssen - Ad26.COV 2-S,Pfizer BioNTech - Comirnaty",1/20/2021,2.0,91558.0,32.07
Bhutan,South-East Asia,59540,7716.353,182,23.587,10,21,2.722,0,0.0,0,0.0352757319422789,BTN,SEARO,REPORTING,5/9/2022,1907022.0,692593.0,247.149,89.76,671671.0,87.048,"AstraZeneca - Vaxzevria,Beijing CNBG - BBIBP-CorV,Moderna - Spikevax,Pfizer BioNTech - Comirnaty,SII - Covishield",3/27/2021,5.0,542758.0,70.341
Mauritania,Africa,58743,1263.383,48,1.032,0,982,21.12,0,0.0,0,1.671702088756933,MRT,AFRO,REPORTING,5/8/2022,2650797.0,1567060.0,57.011,33.703,1068169.0,22.973,"Beijing CNBG - BBIBP-CorV,SII - Covishield",3/26/2021,2.0,47137.0,1.014
Belize,Americas,57675,14504.763,184,46.274,63,676,170.008,0,0.0,0,1.1720839561459917,BLZ,AMRO,REPORTING,5/6/2022,473152.0,237193.0,118.994,59.652,211123.0,53.096,"AstraZeneca - Vaxzevria,Beijing CNBG - BBIBP-CorV,Janssen - Ad26.COV 2-S,Pfizer BioNTech - Comirnaty,SII - Covishield",3/1/2021,5.0,45848.0,11.53
Cabo Verde,Africa,56075,10085.667,39,7.015,0,401,72.124,0,0.0,0,0.7151138343155689,CPV,AFRO,REPORTING,5/8/2022,756797.0,354945.0,136.118,63.841,307145.0,55.243,"Beijing CNBG - BBIBP-CorV,Moderna - Spikevax,Pfizer BioNTech - Comirnaty,SII - Covishield",3/18/2021,4.0,70.0,0.013
Syrian Arab Republic,Eastern Mediterranean,55863,319.205,34,0.194,5,3150,17.999,0,0.0,0,5.638696135712159,SYR,EMRO,REPORTING,5/7/2022,3743771.0,2484582.0,21.392,14.197,1563875.0,8.936,"AstraZeneca - Vaxzevria,Beijing CNBG - BBIBP-CorV,Bharat - Covaxin,CanSino - Convidecia,Gamaleya - Gam-Covid-Vac,Gamaleya - Sputnik-Light,Janssen - Ad26.COV 2-S,Moderna - Spikevax,Pfizer BioNTech - Comirnaty,SII - Covishield,Sinovac - CoronaVac",4/1/2021,11.0,14011.0,0.08
Gabon,Africa,47608,2138.98,6,0.27,0,304,13.658,0,0.0,0,0.6385286444941046,GAB,AFRO,REPORTING,5/8/2022,556657.0,300871.0,25.01,13.518,255200.0,11.466,"Beijing CNBG - BBIBP-CorV,Gamaleya - Gam-Covid-Vac,Pfizer BioNTech - Comirnaty",3/23/2021,3.0,2126.0,0.096
Papua New Guinea,Western Pacific,43839,489.984,16,0.179,0,651,7.276,1,0.011,0,1.4849464472309302,PNG,WPRO,REPORTING,4/19/2022,441214.0,323345.0,4.931,3.614,263995.0,2.951,"AstraZeneca - Vaxzevria,Beijing CNBG - BBIBP-CorV,Janssen - Ad26.COV 2-S,SII - Covishield",3/30/2021,4.0,13841.0,0.155
Seychelles,Africa,42690,43407.526,0,0.0,0,166,168.79,0,0.0,0,0.388849620224843,SYC,AFRO,REPORTING,5/8/2022,201121.0,84679.0,204.501,86.102,80457.0,81.809,"Beijing CNBG - BBIBP-CorV,Gamaleya - Gam-Covid-Vac,Julphar - Hayat-Vax,SII - Covishield",1/10/2021,4.0,36307.0,36.917
Curaçao,Americas,42674,26005.984,344,209.637,344,275,167.588,1,0.609,1,0.6444209148171436,CUW,AMRO,REPORTING,5/6/2022,251186.0,107943.0,153.075,65.782,99037.0,60.354,"AstraZeneca - Vaxzevria,Moderna - Spikevax,Pfizer BioNTech - Comirnaty",2/24/2021,3.0,44206.0,26.94
Andorra,Europe,41717,53992.105,368,476.283,0,153,198.02,0,0.0,0,0.3667573249829766,AND,EURO,REPORTING,5/1/2022,152694.0,57874.0,197.6,75.973,53427.0,70.135,"AstraZeneca - Vaxzevria,Moderna - Spikevax,Pfizer BioNTech - Comirnaty",1/20/2021,3.0,41393.0,54.338
Guam,Western Pacific,40723,24128.574,166,98.356,0,358,212.117,5,2.963,1,0.879111214777964,GUM,WPRO,REPORTING,4/21/2022,341561.0,153728.0,202.377,91.085,139725.0,82.788,"Janssen - Ad26.COV 2-S,Moderna - Spikevax,Pfizer BioNTech - Comirnaty",1/4/2021,3.0,60163.0,35.647
Togo,Africa,37009,447.037,14,0.169,0,273,3.298,0,0.0,0,0.7377465399955709,TGO,AFRO,REPORTING,5/8/2022,3290821.0,2037429.0,39.75,24.61,1557538.0,18.814,SII - Covishield,3/10/2021,1.0,54353.0,0.657
Bahamas,Americas,33748,8581.949,147,37.381,0,798,202.927,0,0.0,0,2.3645794212946267,BHS,AMRO,REPORTING,5/6/2022,340866.0,166471.0,86.681,42.333,157964.0,40.169,"AstraZeneca - Vaxzevria,Janssen - Ad26.COV 2-S,Pfizer BioNTech - Comirnaty,SII - Covishield",3/14/2021,4.0,27866.0,7.086
Saint Lucia,Americas,23798,12959.968,339,184.613,20,368,200.406,0,0.0,0,1.5463464107318785,LCA,AMRO,REPORTING,5/6/2022,119786.0,58917.0,65.233,32.085,53583.0,29.18,"AstraZeneca - Vaxzevria,Janssen - Ad26.COV 2-S,Moderna - Spikevax,Pfizer BioNTech - Comirnaty,SII - Covishield",2/17/2021,5.0,7286.0,3.968
Timor-Leste,South-East Asia,22888,1735.984,9,0.683,2,130,9.86,0,0.0,0,0.5679775850468668,TLS,SEARO,REPORTING,5/10/2022,1496002.0,789433.0,113.467,59.876,637871.0,48.381,"AstraZeneca - Vaxzevria,Pfizer BioNTech - Comirnaty,SII - Covishield,Sinovac - CoronaVac",4/7/2021,4.0,68698.0,5.211
Cayman Islands,Americas,22828,34735.24,605,920.572,0,28,42.605,1,1.522,0,0.1226564146382751,CYM,AMRO,REPORTING,5/6/2022,143196.0,60855.0,217.888,92.597,58924.0,89.659,Pfizer BioNTech - Comirnaty,1/15/2021,1.0,22987.0,34.977
Solomon Islands,Western Pacific,18174,2645.862,2293,333.826,1300,146,21.255,5,0.728,3,0.8033298788825721,SLB,WPRO,REPORTING,5/8/2022,431304.0,267871.0,62.791,38.998,161810.0,23.557,"AstraZeneca - Vaxzevria,Beijing CNBG - BBIBP-CorV,Pfizer BioNTech - Comirnaty,SII - Covishield",3/23/2021,4.0,2976.0,0.433
Tajikistan,Europe,17786,186.482,0,0.0,0,125,1.311,0,0.0,0,0.7030169131605195,TJK,EURO,REPORTING,5/1/2022,12271999.0,5182002.0,128.7,54.332,4959462.0,51.999,"AstraZeneca - Vaxzevria,Gamaleya - Gam-Covid-Vac,Moderna - Spikevax,Pfizer BioNTech - Comirnaty,SII - Covishield,Sinovac - CoronaVac",3/24/2021,6.0,2130535.0,22.338
Liechtenstein,Europe,17271,44573.773,72,185.821,0,83,214.21,0,0.0,0,0.4805740810857541,LIE,OTHER,REPORTING,4/10/2022,71104.0,26681.0,183.5,68.86,26346.0,67.995,"Janssen - Ad26.COV 2-S,Moderna - Spikevax,Pfizer BioNTech - Comirnaty",1/6/2021,3.0,18310.0,47.255
San Marino,Europe,16785,49457.835,187,551.005,42,115,338.853,0,0.0,0,0.685135125708596,SMR,EURO,REPORTING,5/1/2022,69259.0,26351.0,204.1,76.484,23631.0,68.589,"Gamaleya - Gam-Covid-Vac,Pfizer BioNTech - Comirnaty",2/24/2021,2.0,19277.0,55.952
Equatorial Guinea,Africa,15907,1133.797,0,0.0,0,183,13.044,0,0.0,0,1.1504704986871548,GNQ,AFRO,REPORTING,5/8/2022,480000.0,265505.0,34.213,18.924,206762.0,14.737,"Beijing CNBG - BBIBP-CorV,Sinovac - CoronaVac",2/12/2021,2.0,2403.0,0.171
Grenada,Americas,15818,14057.57,1075,955.36,335,220,195.516,0,0.0,0,1.3908235918441096,GRD,AMRO,REPORTING,5/6/2022,88016.0,43463.0,78.22,38.626,38228.0,33.973,"AstraZeneca - Vaxzevria,Janssen - Ad26.COV 2-S,Pfizer BioNTech - Comirnaty,SII - Covishield",2/15/2021,4.0,6325.0,5.621
Bermuda,Americas,13872,22276.107,260,417.516,0,135,216.787,4,6.423,0,0.9731817143812428,BMU,AMRO,REPORTING,5/6/2022,130325.0,48424.0,209.28,77.761,47592.0,76.425,"AstraZeneca - Vaxzevria,Pfizer BioNTech - Comirnaty",1/11/2021,2.0,31723.0,50.942
Dominica,Americas,12493,17353.558,332,461.169,0,63,87.511,0,0.0,0,0.5042827528510291,DMA,AMRO,REPORTING,5/6/2022,66479.0,32611.0,92.343,45.299,30222.0,41.98,"AstraZeneca - Vaxzevria,Beijing CNBG - BBIBP-CorV,Pfizer BioNTech - Comirnaty,SII - Covishield",2/12/2021,4.0,3646.0,5.065
Northern Mariana Islands (Commonwealth of the),Western Pacific,11305,19641.399,24,41.698,0,34,59.072,0,0.0,0,0.3007525074970474,MNP,WPRO,REPORTING,5/4/2022,111665.0,44759.0,194.008,77.765,43866.0,76.213,"Janssen - Ad26.COV 2-S,Moderna - Spikevax,Pfizer BioNTech - Comirnaty",12/19/2020,3.0,23040.0,40.03
Samoa,Western Pacific,10926,5506.668,716,360.862,0,22,11.088,2,1.008,0,0.2013558834489386,WSM,WPRO,REPORTING,4/24/2022,412127.0,188680.0,207.711,95.094,156203.0,78.726,"AstraZeneca - Vaxzevria,Pfizer BioNTech - Comirnaty",4/18/2021,2.0,67244.0,33.891
Tonga,Western Pacific,10826,10242.679,332,314.111,61,11,10.407,0,0.0,0,0.1016042775527769,TON,WPRO,REPORTING,4/28/2022,261560.0,104624.0,247.467,98.987,97151.0,91.916,"AstraZeneca - Vaxzevria,Pfizer BioNTech - Comirnaty",4/14/2021,2.0,59785.0,56.564
Sint Maarten,Americas,10123,23606.641,58,135.255,58,86,200.55,0,0.0,0,0.849549073923732,SXM,AMRO,REPORTING,5/6/2022,62043.0,27974.0,144.683,65.235,25970.0,60.562,"AstraZeneca - Vaxzevria,Moderna - Spikevax,Pfizer BioNTech - Comirnaty",2/22/2021,3.0,8099.0,18.887
Saint Vincent and the Grenadines,Americas,8479,7642.87,54,48.675,7,106,95.547,0,0.0,0,1.2501455605027956,VCT,AMRO,REPORTING,5/6/2022,70310.0,36268.0,63.377,32.692,30437.0,27.436,"AstraZeneca - Vaxzevria,Gamaleya - Gam-Covid-Vac,Gamaleya - Sputnik-Light,Pfizer BioNTech - Comirnaty,SII - Covishield",2/1/2021,5.0,3605.0,3.25
Guinea-Bissau,Africa,8215,417.429,5,0.254,0,171,8.689,0,0.0,0,2.081551593205072,GNB,AFRO,REPORTING,5/8/2022,562620.0,519455.0,28.588,26.395,341495.0,17.352,"Beijing CNBG - BBIBP-CorV,SII - Covishield",4/2/2021,2.0,20.0,0.001
Vanuatu,Western Pacific,8063,2625.144,466,151.72,0,14,4.558,1,0.326,0,0.1736285704708008,VUT,WPRO,REPORTING,4/3/2022,242178.0,132941.0,78.848,43.283,118158.0,38.47,"AstraZeneca - Vaxzevria,Beijing CNBG - BBIBP-CorV,Janssen - Ad26.COV 2-S",6/2/2021,3.0,10610.0,3.454
Sierra Leone,Africa,7682,96.302,1,0.013,0,125,1.567,0,0.0,0,1.6271728520695312,SLE,AFRO,REPORTING,5/1/2022,2868978.0,1987563.0,35.966,24.916,1315830.0,16.495,"Beijing CNBG - BBIBP-CorV,SII - Covishield",3/15/2021,2.0,5359.0,0.067
Antigua and Barbuda,Americas,7663,7825.057,9,9.19,0,137,139.897,0,0.0,0,1.7878080632511686,ATG,AMRO,REPORTING,5/6/2022,135605.0,63952.0,138.473,65.304,61815.0,63.122,"AstraZeneca - Vaxzevria,Beijing CNBG - BBIBP-CorV,Gamaleya - Gam-Covid-Vac,Janssen - Ad26.COV 2-S,Pfizer BioNTech - Comirnaty,SII - Covishield",3/1/2021,6.0,9838.0,10.046
Liberia,Africa,7434,146.984,0,0.0,0,294,5.813,0,0.0,0,3.95485222881402,LBR,AFRO,REPORTING,5/8/2022,1837296.0,1751520.0,36.327,34.631,1438154.0,28.435,SII - Covishield,4/1/2021,1.0,1912.0,0.038
British Virgin Islands,Americas,6467,21387.704,112,370.407,0,62,205.047,0,0.0,0,0.9587144089893892,VGB,AMRO,REPORTING,5/6/2022,40872.0,19284.0,135.172,63.776,17862.0,59.073,"AstraZeneca - Vaxzevria,Janssen - Ad26.COV 2-S",2/11/2021,2.0,3726.0,12.323
Turks and Caicos Islands,Americas,5995,15483.754,0,0.0,0,36,92.98,0,0.0,0,0.6005003696132087,TCA,AMRO,REPORTING,5/6/2022,68800.0,31491.0,177.695,81.334,29458.0,76.083,Pfizer BioNTech - Comirnaty,1/11/2021,1.0,7851.0,20.277
American Samoa,Western Pacific,5974,10823.052,101,182.981,5,29,52.539,2,3.623,0,0.4854360858656135,ASM,WPRO,REPORTING,4/21/2022,105958.0,44240.0,191.963,80.149,40593.0,73.542,"Janssen - Ad26.COV 2-S,Moderna - Spikevax,Pfizer BioNTech - Comirnaty",12/21/2020,3.0,21694.0,39.303
Sao Tome and Principe,Africa,5970,2724.05,0,0.0,0,73,33.309,0,0.0,0,1.2227749123547658,STP,AFRO,REPORTING,5/8/2022,208657.0,113708.0,95.208,51.884,86914.0,39.658,"AstraZeneca - Vaxzevria,SII - Covishield",3/15/2021,2.0,2685.0,1.225
Saint Kitts and Nevis,Americas,5595,10518.499,30,56.399,4,43,80.839,0,0.0,0,0.7685412148634515,KNA,AMRO,REPORTING,5/6/2022,58370.0,28403.0,109.735,53.397,26650.0,50.102,"AstraZeneca - Vaxzevria,Pfizer BioNTech - Comirnaty,SII - Covishield",2/22/2021,3.0,3317.0,6.236
Cook Islands,Western Pacific,5336,30380.323,136,774.311,30,1,5.693,0,0.0,0,0.0187391029384381,COK,WPRO,REPORTING,4/28/2022,39598.0,15004.0,225.45,85.425,14678.0,83.569,Pfizer BioNTech - Comirnaty,5/17/2021,1.0,9916.0,56.456
Palau,Western Pacific,4782,26431.572,92,508.512,50,6,33.164,0,0.0,0,0.1254711600202969,PLW,WPRO,REPORTING,4/21/2022,47030.0,20176.0,259.949,111.519,17937.0,99.143,"Janssen - Ad26.COV 2-S,Moderna - Spikevax,Pfizer BioNTech - Comirnaty",1/3/2021,3.0,11266.0,62.271
Kiribati,Western Pacific,3093,2589.39,9,7.535,0,13,10.883,0,0.0,0,0.4202920378930945,KIR,WPRO,REPORTING,4/15/2022,144216.0,79764.0,120.734,66.777,58191.0,48.716,"AstraZeneca - Vaxzevria,Beijing CNBG - BBIBP-CorV",5/26/2021,2.0,6261.0,5.242
Anguilla,Americas,2984,19890.681,196,1306.492,196,9,59.992,0,0.0,0,0.3016085774036595,AIA,AMRO,REPORTING,5/6/2022,23378.0,10676.0,155.833,71.164,9955.0,66.358,"AstraZeneca - Vaxzevria,Pfizer BioNTech - Comirnaty",2/5/2021,2.0,2747.0,18.311
Wallis and Futuna,Western Pacific,454,4036.991,0,0.0,0,7,62.244,0,0.0,0,1.5418414358615118,WLF,WPRO,REPORTING,4/14/2022,16426.0,6592.0,146.061,58.616,6633.0,58.981,Moderna - Spikevax,3/19/2021,1.0,3201.0,28.463
Montserrat,Americas,452,9041.808,179,3580.716,0,2,40.008,0,0.0,0,0.4424778761061947,MSR,AMRO,REPORTING,5/6/2022,4255.0,1916.0,85.117,38.328,1829.0,36.587,AstraZeneca - Vaxzevria,2/8/2021,1.0,510.0,10.202
Marshall Islands,Western Pacific,17,28.719,0,0.0,0,0,0.0,0,0.0,0,0.0,MHL,WPRO,REPORTING,4/21/2022,64048.0,33265.0,108.2,56.197,26892.0,45.43,"Janssen - Ad26.COV 2-S,Moderna - Spikevax,Pfizer BioNTech - Comirnaty",12/29/2020,3.0,6687.0,11.297
Niue,Western Pacific,9,556.242,0,0.0,0,0,0.0,0,0.0,0,0.0,NIU,WPRO,REPORTING,3/13/2022,4161.0,1650.0,257.169,101.978,1417.0,87.577,Pfizer BioNTech - Comirnaty,6/8/2021,1.0,1094.0,67.614
Micronesia (Federated States of),Western Pacific,7,6.086,0,0.0,0,0,0.0,0,0.0,0,0.0,FSM,WPRO,REPORTING,4/21/2022,122731.0,66131.0,106.701,57.494,55921.0,48.617,"AstraZeneca - Vaxzevria,Janssen - Ad26.COV 2-S,Moderna - Spikevax,Pfizer BioNTech - Comirnaty",1/13/2021,4.0,13642.0,11.86
Nauru,Western Pacific,3,27.691,0,0.0,0,0,0.0,0,0.0,0,0.0,NRU,WPRO,REPORTING,3/31/2022,22976.0,9464.0,212.073,87.355,8585.0,79.241,"AstraZeneca - Vaxzevria,SII - Covishield",4/9/2021,2.0,4927.0,45.477
