COUNTRY,ISO3,WHO_REGION,DATA_SOURCE,DATE_UPDATED,TOTAL_VACCINATIONS,PERSONS_VACCINATED_1PLUS_DOSE,TOTAL_VACCINATIONS_PER100,PERSONS_VACCINATED_1PLUS_DOSE_PER100,PERSONS_FULLY_VACCINATED,PERSONS_FULLY_VACCINATED_PER100,VACCINES_USED,FIRST_VACCINE_DATE,NUMBER_VACCINES_TYPES_USED,PERSONS_BOOSTER_ADD_DOSE,PERSONS_BOOSTER_ADD_DOSE_PER100
Afghanistan,AFG,EMRO,REPORTING,5/10/2022,6029737,5326298,15.489,13.682,4676224,12.012,"AstraZeneca - Vaxzevria,Beijing CNBG - BBIBP-CorV,Bharat - Covaxin,CanSino - Convidecia,Gamaleya - Gam-Covid-Vac,Gamaleya - Sputnik-Light,Janssen - Ad26.COV 2-S,Moderna - Spikevax,Pfizer BioNTech - Comirnaty,SII - Covishield,Sinovac - CoronaVac",2/22/2021,11,,
Albania,ALB,EURO,REPORTING,5/1/2022,2825500,1299321,98.2,45.655,1230636,43.242,"AstraZeneca - Vaxzevria,Gamaleya - Gam-Covid-Vac,Pfizer BioNTech - Comirnaty,SII - Covishield,Sinovac - CoronaVac",1/13/2021,5,295543,10.385
Algeria,DZA,AFRO,REPORTING,5/8/2022,15205854,7840131,34.676,17.879,6481186,14.78,"Beijing CNBG - BBIBP-CorV,Gamaleya - Gam-Covid-Vac,SII - Covishield,Sinovac - CoronaVac",1/30/2021,4,514063,1.172
American Samoa,ASM,WPRO,REPORTING,4/21/2022,105958,44240,191.963,80.149,40593,73.542,"Janssen - Ad26.COV 2-S,Moderna - Spikevax,Pfizer BioNTech - Comirnaty",12/21/2020,3,21694,39.303
Andorra,AND,EURO,REPORTING,5/1/2022,152694,57874,197.6,75.973,53427,70.135,"AstraZeneca - Vaxzevria,Moderna - Spikevax,Pfizer BioNTech - Comirnaty",1/20/2021,3,41393,54.338
Angola,AGO,AFRO,REPORTING,5/8/2022,17896626,12059919,54.453,36.694,6327907,19.253,SII - Covishield,3/10/2021,1,369899,1.125
Anguilla,AIA,AMRO,REPORTING,5/6/2022,23378,10676,155.833,71.164,9955,66.358,"AstraZeneca - Vaxzevria,Pfizer BioNTech - Comirnaty",2/5/2021,2,2747,18.311
Antigua and Barbuda,ATG,AMRO,REPORTING,5/6/2022,135605,63952,138.473,65.304,61815,63.122,"AstraZeneca - Vaxzevria,Beijing CNBG - BBIBP-CorV,Gamaleya - Gam-Covid-Vac,Janssen - Ad26.COV 2-S,Pfizer BioNTech - Comirnaty,SII - Covishield",3/1/2021,6,9838,10.046
Argentina,ARG,AMRO,REPORTING,5/6/2022,99115622,41035648,219.303,90.795,37278843,82.483,"AstraZeneca - Vaxzevria,Beijing CNBG - BBIBP-CorV,CanSino - Convidecia,Gamaleya - Gam-Covid-Vac,Moderna - Spikevax,Pfizer BioNTech - Comirnaty,SII - Covishield",12/29/2020,7,21113527,46.716
Armenia,ARM,EURO,REPORTING,4/17/2022,2154689,1131339,72.7,38.179,987673,33.331,"AstraZeneca - Vaxzevria,Beijing CNBG - BBIBP-CorV,Gamaleya - Gam-Covid-Vac,Gamaleya - Sputnik-Light,Moderna - Spikevax,Pfizer BioNTech - Comirnaty,Sinovac - CoronaVac,Wuhan CNBG - Inactivated",6/16/2021,8,41766,1.409
Aruba,ABW,AMRO,REPORTING,5/6/2022,170458,88453,159.656,82.848,82005,76.808,"Janssen - Ad26.COV 2-S,Pfizer BioNTech - Comirnaty",2/17/2021,2,,
Australia,AUS,WPRO,REPORTING,5/7/2022,58068709,22288752,227.721,87.407,21553633,84.524,"AstraZeneca - Vaxzevria,Janssen - Ad26.COV 2-S,Moderna - Spikevax,Novavax-NUVAXOVID,Pfizer BioNTech - Comirnaty",2/21/2021,5,13497494,52.932
Austria,AUT,EURO,REPORTING,5/1/2022,18278212,6823343,205.3,76.658,6608360,74.242,"AstraZeneca - Vaxzevria,Janssen - Ad26.COV 2-S,Moderna - Spikevax,Novavax-NUVAXOVID,Pfizer BioNTech - Comirnaty,Unknown Vaccine",12/30/2020,6,5197422,58.391
Azerbaijan,AZE,EURO,REPORTING,4/24/2022,13499692,5362072,133.1,52.885,4843392,47.769,"AstraZeneca - Vaxzevria,Gamaleya - Gam-Covid-Vac,Gamaleya - Sputnik-Light,Pfizer BioNTech - Comirnaty,Sinovac - CoronaVac",1/20/2021,5,3294230,32.49
Bahamas,BHS,AMRO,REPORTING,5/6/2022,340866,166471,86.681,42.333,157964,40.169,"AstraZeneca - Vaxzevria,Janssen - Ad26.COV 2-S,Pfizer BioNTech - Comirnaty,SII - Covishield",3/14/2021,4,27866,7.086
Bahrain,BHR,EMRO,REPORTING,5/10/2022,3437604,1235076,202.025,72.584,1219273,71.656,"AstraZeneca - Vaxzevria,Beijing CNBG - BBIBP-CorV,Bharat - Covaxin,CanSino - Convidecia,Gamaleya - Gam-Covid-Vac,Gamaleya - Sputnik-Light,Janssen - Ad26.COV 2-S,Moderna - Spikevax,Pfizer BioNTech - Comirnaty,SII - Covishield,Sinovac - CoronaVac",11/4/2020,11,983255,57.785
Bangladesh,BGD,SEARO,REPORTING,5/10/2022,258739535,128838366,157.108,78.231,116692702,70.856,"AstraZeneca - Vaxzevria,Beijing CNBG - BBIBP-CorV,Gamaleya - Gam-Covid-Vac,Janssen - Ad26.COV 2-S,Moderna - Spikevax,Pfizer BioNTech - Comirnaty,SII - Covishield,Sinovac - CoronaVac",1/27/2021,8,13208467,8.02
Barbados,BRB,AMRO,REPORTING,5/6/2022,361863,161776,125.92,56.294,152018,52.899,"AstraZeneca - Vaxzevria,Beijing CNBG - BBIBP-CorV,Janssen - Ad26.COV 2-S,Pfizer BioNTech - Comirnaty,SII - Covishield",1/8/2021,5,48069,16.727
Belarus,BLR,EURO,REPORTING,5/1/2022,12495345,6235073,132.2,65.984,5851853,61.929,"Beijing CNBG - BBIBP-CorV,Chumakov - Covi-Vac,Gamaleya - Gam-Covid-Vac,Gamaleya - Sputnik-Light",2/3/2021,4,691479,7.318
Belgium,BEL,EURO,REPORTING,5/1/2022,25303482,9228773,219.6,80.094,9131490,79.25,"AstraZeneca - Vaxzevria,Janssen - Ad26.COV 2-S,Moderna - Spikevax,Pfizer BioNTech - Comirnaty",12/30/2020,4,7130176,61.881
Belize,BLZ,AMRO,REPORTING,5/6/2022,473152,237193,118.994,59.652,211123,53.096,"AstraZeneca - Vaxzevria,Beijing CNBG - BBIBP-CorV,Janssen - Ad26.COV 2-S,Pfizer BioNTech - Comirnaty,SII - Covishield",3/1/2021,5,45848,11.53
Benin,BEN,AFRO,REPORTING,5/8/2022,3333450,3157864,27.496,26.048,2625325,21.655,"AstraZeneca - Vaxzevria,Janssen - Ad26.COV 2-S,Pfizer BioNTech - Comirnaty,SII - Covishield,Sinovac - CoronaVac",3/29/2021,5,,
Bermuda,BMU,AMRO,REPORTING,5/6/2022,130325,48424,209.28,77.761,47592,76.425,"AstraZeneca - Vaxzevria,Pfizer BioNTech - Comirnaty",1/11/2021,2,31723,50.942
Bhutan,BTN,SEARO,REPORTING,5/9/2022,1907022,692593,247.149,89.76,671671,87.048,"AstraZeneca - Vaxzevria,Beijing CNBG - BBIBP-CorV,Moderna - Spikevax,Pfizer BioNTech - Comirnaty,SII - Covishield",3/27/2021,5,542758,70.341
Bolivia (Plurinational State of),BOL,AMRO,REPORTING,5/6/2022,13606698,7177505,116.565,61.488,5930420,50.805,"Beijing CNBG - BBIBP-CorV,Gamaleya - Gam-Covid-Vac,Janssen - Ad26.COV 2-S,Moderna - Spikevax,Pfizer BioNTech - Comirnaty,SII - Covishield",1/30/2021,6,1387905,11.89
Bonaire,XAA,AMRO,REPORTING,5/6/2022,40756,17522,194.865,83.777,15796,75.525,,,,7438,35.563
"Bonaire, Sint Eustatius and Saba",BES,AMRO,REPORTING,4/9/2021,7391,5726,28.441,22.034,2965,11.41,"Moderna - Spikevax,Pfizer BioNTech - Comirnaty",2/22/2021,2,,
Bosnia and Herzegovina,BIH,EURO,REPORTING,1/29/2022,1924950,943394,58.7,28.755,846080,25.789,"AstraZeneca - AZD1222, Pfizer BioNTech - Comirnaty, Sinovac - CoronaVac, Gamaleya - Sputnik V",,4,,
Botswana,BWA,AFRO,REPORTING,5/8/2022,1920000,1479625,81.646,62.919,1339651,56.967,"Bharat - Covaxin,Janssen - Ad26.COV 2-S,Moderna - Spikevax,Pfizer BioNTech - Comirnaty,SII - Covishield,Sinovac - CoronaVac",3/26/2021,6,327708,13.935
Brazil,BRA,AMRO,REPORTING,5/6/2022,416055006,179112844,195.736,84.265,159915412,75.233,"AstraZeneca - Vaxzevria,Janssen - Ad26.COV 2-S,Pfizer BioNTech - Comirnaty,SII - Covishield,Sinovac - CoronaVac",1/17/2021,5,79853054,37.567
British Virgin Islands,VGB,AMRO,REPORTING,5/6/2022,40872,19284,135.172,63.776,17862,59.073,"AstraZeneca - Vaxzevria,Janssen - Ad26.COV 2-S",2/11/2021,2,3726,12.323
Brunei Darussalam,BRN,WPRO,REPORTING,5/6/2022,1124061,432057,256.941,98.761,409091,93.511,"AstraZeneca - Vaxzevria,Beijing CNBG - BBIBP-CorV,Janssen - Ad26.COV 2-S,Moderna - Spikevax,Pfizer BioNTech - Comirnaty",4/3/2021,5,282887,64.663
Bulgaria,BGR,EURO,REPORTING,5/1/2022,4383603,2087643,63.1,30.032,2057778,29.602,"AstraZeneca - Vaxzevria,Janssen - Ad26.COV 2-S,Moderna - Spikevax,Pfizer BioNTech - Comirnaty",12/30/2020,4,743630,10.697
Burkina Faso,BFA,AFRO,REPORTING,5/8/2022,2928989,2432124,14.012,11.635,1539455,7.365,"Beijing CNBG - BBIBP-CorV,Janssen - Ad26.COV 2-S,SII - Covishield",6/2/2021,3,,
Burundi,BDI,AFRO,REPORTING,5/8/2022,12651,12651,0.106,0.106,12078,0.102,Beijing CNBG - BBIBP-CorV,10/18/2021,1,,
Cabo Verde,CPV,AFRO,REPORTING,5/8/2022,756797,354945,136.118,63.841,307145,55.243,"Beijing CNBG - BBIBP-CorV,Moderna - Spikevax,Pfizer BioNTech - Comirnaty,SII - Covishield",3/18/2021,4,70,0.013
Cambodia,KHM,WPRO,REPORTING,5/6/2022,38460280,14932546,230.04,89.315,14192815,84.891,"AstraZeneca - Vaxzevria,Beijing CNBG - BBIBP-CorV,Janssen - Ad26.COV 2-S,Moderna - Spikevax,Pfizer BioNTech - Comirnaty,SII - Covishield,Sinovac - CoronaVac",2/10/2021,7,8586491,51.358
Cameroon,CMR,AFRO,REPORTING,5/8/2022,1828882,1552320,6.89,5.848,1209108,4.555,"Beijing CNBG - BBIBP-CorV,Janssen - Ad26.COV 2-S,Pfizer BioNTech - Comirnaty,SII - Covishield",4/12/2021,4,52011,0.196
Canada,CAN,AMRO,REPORTING,5/6/2022,82266137,32534718,217.969,86.203,31193378,82.649,"AstraZeneca - Vaxzevria,Janssen - Ad26.COV 2-S,Moderna - Spikevax,Pfizer BioNTech - Comirnaty,SII - Covishield",12/14/2020,5,18538041,49.118
Cayman Islands,CYM,AMRO,REPORTING,5/6/2022,143196,60855,217.888,92.597,58924,89.659,Pfizer BioNTech - Comirnaty,1/15/2021,1,22987,34.977
Central African Republic,CAF,AFRO,REPORTING,5/8/2022,1037580,1023144,21.483,21.184,988591,20.469,"Bharat - Covaxin,SII - Covishield",3/19/2021,2,,
Chad,TCD,AFRO,REPORTING,5/8/2022,2347168,2212530,14.289,13.47,2087559,12.709,Beijing CNBG - BBIBP-CorV,6/4/2021,1,,
Chile,CHL,AMRO,REPORTING,5/6/2022,52997000,17918425,277.236,93.734,17464675,91.361,"AstraZeneca - Vaxzevria,CanSino - Convidecia,Moderna - Spikevax,Pfizer BioNTech - Comirnaty,Sinovac - CoronaVac",12/21/2020,5,14021464,73.349
China,CHN,WPRO,REPORTING,5/6/2022,3399003302,1295022927,231.022,88.02,1263903146,85.905,"Anhui ZL - Zifivax,Beijing CNBG - BBIBP-CorV,CanSino - Convidecia,IMB - Covidful,Pfizer BioNTech - Comirnaty,Shenzhen - LV-SMENP-DC,Sinovac - CoronaVac,Wuhan CNBG - Inactivated",7/22/2020,8,739107960,50.235
Colombia,COL,AMRO,REPORTING,5/6/2022,82845381,42136168,162.816,82.81,35534430,69.836,"AstraZeneca - Vaxzevria,Janssen - Ad26.COV 2-S,Moderna - Spikevax,Pfizer BioNTech - Comirnaty,Sinovac - CoronaVac",2/17/2021,5,11597140,22.792
Comoros,COM,AFRO,REPORTING,5/1/2022,642320,341302,73.864,39.248,301218,34.639,"Beijing CNBG - BBIBP-CorV,Bharat - Covaxin,SII - Covishield",4/10/2021,3,,
Congo,COG,AFRO,REPORTING,5/8/2022,831318,693902,15.065,12.575,652422,11.823,"Beijing CNBG - BBIBP-CorV,Gamaleya - Gam-Covid-Vac,Moderna - Spikevax,SII - Covishield",3/23/2021,4,,
Cook Islands,COK,WPRO,REPORTING,4/28/2022,39598,15004,225.45,85.425,14678,83.569,Pfizer BioNTech - Comirnaty,5/17/2021,1,9916,56.456
Costa Rica,CRI,AMRO,REPORTING,5/6/2022,10698423,4413772,210.015,86.644,4105520,80.593,"AstraZeneca - Vaxzevria,Moderna - Spikevax,Pfizer BioNTech - Comirnaty",12/24/2020,3,2179131,42.777
Côte d’Ivoire,CIV,AFRO,REPORTING,5/8/2022,12387947,7952458,46.963,30.148,5445391,20.643,"Beijing CNBG - BBIBP-CorV,Gamaleya - Gam-Covid-Vac,Janssen - Ad26.COV 2-S,Pfizer BioNTech - Comirnaty,SII - Covishield",3/1/2021,5,87290,0.331
Croatia,HRV,EURO,REPORTING,5/1/2022,5243706,2311811,129.2,57,2237678,55.14,"AstraZeneca - Vaxzevria,Janssen - Ad26.COV 2-S,Moderna - Spikevax,Novavax-NUVAXOVID,Pfizer BioNTech - Comirnaty,Unknown Vaccine",12/23/2020,6,891125,21.959
Cuba,CUB,AMRO,REPORTING,5/6/2022,36030990,10659099,318.109,94.107,9950189,87.848,"CIGB - CIGB-66,Finlay - Soberana Plus,Finlay - Soberana-02",,3,6868019,60.636
Curaçao,CUW,AMRO,REPORTING,5/6/2022,251186,107943,153.075,65.782,99037,60.354,"AstraZeneca - Vaxzevria,Moderna - Spikevax,Pfizer BioNTech - Comirnaty",2/24/2021,3,44206,26.94
Cyprus,CYP,EURO,REPORTING,5/1/2022,1767252,662881,199,74.648,659031,74.215,"AstraZeneca - Vaxzevria,Janssen - Ad26.COV 2-S,Moderna - Spikevax,Novavax-NUVAXOVID,Pfizer BioNTech - Comirnaty",12/23/2020,5,459937,51.794
Czechia,CZE,EURO,REPORTING,5/1/2022,17563851,6952162,164.2,65.01,6862670,64.173,"AstraZeneca - Vaxzevria,Janssen - Ad26.COV 2-S,Moderna - Spikevax,Novavax-NUVAXOVID,Pfizer BioNTech - Comirnaty",12/23/2020,5,4158810,38.889
Democratic Republic of the Congo,COD,AFRO,REPORTING,5/8/2022,1143186,1771324,1.276,1.978,1064851,1.189,SII - Covishield,4/19/2021,1,,
Denmark,DNK,EURO,REPORTING,5/1/2022,13200246,4833577,226.7,83.012,4785844,82.192,"AstraZeneca - Vaxzevria,Janssen - Ad26.COV 2-S,Moderna - Spikevax,Pfizer BioNTech - Comirnaty,Unknown Vaccine",12/16/2020,5,3627647,62.301
Djibouti,DJI,EMRO,REPORTING,5/8/2022,181125,160562,18.332,16.251,120510,12.197,"AstraZeneca - Vaxzevria,Beijing CNBG - BBIBP-CorV,Bharat - Covaxin,CanSino - Convidecia,Gamaleya - Gam-Covid-Vac,Gamaleya - Sputnik-Light,Janssen - Ad26.COV 2-S,Moderna - Spikevax,Pfizer BioNTech - Comirnaty,SII - Covishield,Sinovac - CoronaVac",3/15/2021,11,,
Dominica,DMA,AMRO,REPORTING,5/6/2022,66479,32611,92.343,45.299,30222,41.98,"AstraZeneca - Vaxzevria,Beijing CNBG - BBIBP-CorV,Pfizer BioNTech - Comirnaty,SII - Covishield",2/12/2021,4,3646,5.065
Dominican Republic,DOM,AMRO,REPORTING,5/6/2022,15502635,7208988,142.909,66.455,5964717,54.985,"AstraZeneca - Vaxzevria,SII - Covishield,Sinovac - CoronaVac",2/16/2021,3,2328930,21.469
Ecuador,ECU,AMRO,REPORTING,5/6/2022,34566499,15134584,195.921,85.782,13925623,78.93,"AstraZeneca - Vaxzevria,CanSino - Convidecia,Pfizer BioNTech - Comirnaty,Sinovac - CoronaVac",1/20/2021,4,5915440,33.528
Egypt,EGY,EMRO,REPORTING,5/8/2022,82376780,46490815,80.498,45.43,34569036,33.78,"AstraZeneca - Vaxzevria,Beijing CNBG - BBIBP-CorV,Bharat - Covaxin,CanSino - Convidecia,Gamaleya - Gam-Covid-Vac,Gamaleya - Sputnik-Light,Janssen - Ad26.COV 2-S,Moderna - Spikevax,Pfizer BioNTech - Comirnaty,Sinovac - CoronaVac",1/24/2021,10,2754574,2.692
El Salvador,SLV,AMRO,REPORTING,5/6/2022,10650522,4579500,164.203,70.604,4288368,66.115,"AstraZeneca - Vaxzevria,Beijing CNBG - BBIBP-CorV,Moderna - Spikevax,Pfizer BioNTech - Comirnaty,SII - Covishield,Sinovac - CoronaVac",2/17/2021,6,1597387,24.627
Equatorial Guinea,GNQ,AFRO,REPORTING,5/8/2022,480000,265505,34.213,18.924,206762,14.737,"Beijing CNBG - BBIBP-CorV,Sinovac - CoronaVac",2/12/2021,2,2403,0.171
Estonia,EST,EURO,REPORTING,5/1/2022,2066615,841064,155.5,63.287,836478,62.942,"AstraZeneca - Vaxzevria,Janssen - Ad26.COV 2-S,Moderna - Spikevax,Novavax-NUVAXOVID,Pfizer BioNTech - Comirnaty",12/23/2020,5,453413,34.117
Eswatini,SWZ,AFRO,REPORTING,5/8/2022,535393,387468,46.148,33.398,336066,28.967,"Janssen - Ad26.COV 2-S,Pfizer BioNTech - Comirnaty,SII - Covishield",3/19/2021,3,,
Ethiopia,ETH,AFRO,REPORTING,5/8/2022,29373478,24769870,25.55,21.546,21291403,18.52,"Beijing CNBG - BBIBP-CorV,Bharat - Covaxin,Janssen - Ad26.COV 2-S,SII - Covishield",3/13/2021,4,346411,0.301
Falkland Islands (Malvinas),FLK,AMRO,OWID,4/14/2021,4407,2632,126.529,75.567,1775,50.962,AstraZeneca - AZD1222,,1,,
Faroe Islands,FRO,EURO,OWID,2/18/2022,103894,41715,212.614,85.368,40895,83.69,"Moderna - mRNA-1273, Pfizer BioNTech - Comirnaty",,2,21284,43.557
Fiji,FJI,WPRO,REPORTING,5/5/2022,1447529,687835,161.474,76.729,634655,70.797,"AstraZeneca - Vaxzevria,Moderna - Spikevax,SII - Covishield",3/7/2021,3,125039,13.948
Finland,FIN,EURO,REPORTING,5/1/2022,11788503,4527706,213.4,81.945,4333456,78.429,"AstraZeneca - Vaxzevria,Janssen - Ad26.COV 2-S,Moderna - Spikevax,Pfizer BioNTech - Comirnaty,Unknown Vaccine",12/23/2020,5,2927341,52.981
France,FRA,EURO,REPORTING,5/1/2022,147030463,54336626,218.4,80.714,52726063,78.321,"AstraZeneca - Vaxzevria,Janssen - Ad26.COV 2-S,Moderna - Spikevax,Novavax-NUVAXOVID,Pfizer BioNTech - Comirnaty,Unknown Vaccine",12/30/2020,6,39676353,58.937
French Guiana,GUF,AMRO,REPORTING,5/6/2022,227699,97727,76.235,32.719,88414,29.601,"Moderna - Spikevax,Pfizer BioNTech - Comirnaty",1/13/2021,2,41558,13.914
French Polynesia,PYF,WPRO,REPORTING,4/29/2022,,186797,,66.498,,,"Janssen - Ad26.COV 2-S,Pfizer BioNTech - Comirnaty",1/18/2021,2,,
Gabon,GAB,AFRO,REPORTING,5/8/2022,556657,300871,25.01,13.518,255200,11.466,"Beijing CNBG - BBIBP-CorV,Gamaleya - Gam-Covid-Vac,Pfizer BioNTech - Comirnaty",3/23/2021,3,2126,0.096
Gambia,GMB,AFRO,REPORTING,3/20/2022,363353,331266,15.035,13.708,318161,13.165,"Beijing CNBG - BBIBP-CorV,SII - Covishield",3/10/2021,2,,
Georgia,GEO,EURO,REPORTING,4/24/2022,2670636,1277876,66.9,32.034,1161430,29.115,"AstraZeneca - Vaxzevria,Beijing CNBG - BBIBP-CorV,Pfizer BioNTech - Comirnaty,Sinovac - CoronaVac",3/17/2021,4,231330,5.799
Germany,DEU,EURO,REPORTING,5/1/2022,178550662,64498790,214.7,77.554,64415843,77.454,"AstraZeneca - Vaxzevria,Janssen - Ad26.COV 2-S,Moderna - Spikevax,Novavax-NUVAXOVID,Pfizer BioNTech - Comirnaty,Unknown Vaccine",12/23/2020,6,49321652,59.305
Ghana,GHA,AFRO,REPORTING,5/8/2022,13047826,9688415,41.991,31.18,6030567,19.408,"Gamaleya - Gam-Covid-Vac,SII - Covishield",3/2/2021,2,438799,1.412
Gibraltar,GIB,EURO,OWID,4/21/2022,119855,42074,355.748,124.882,41421,122.944,"AstraZeneca - AZD1222, Pfizer BioNTech - Comirnaty",,2,36360,107.922
Greece,GRC,EURO,REPORTING,5/1/2022,20954161,7894162,195.5,73.649,7704695,71.882,"AstraZeneca - Vaxzevria,Janssen - Ad26.COV 2-S,Moderna - Spikevax,Novavax-NUVAXOVID,Pfizer BioNTech - Comirnaty",12/23/2020,5,5754235,53.685
Greenland,GRL,EURO,OWID,3/7/2022,79745,41243,140.465,72.647,38502,67.819,Moderna - mRNA-1273,,1,,
Grenada,GRD,AMRO,REPORTING,5/6/2022,88016,43463,78.22,38.626,38228,33.973,"AstraZeneca - Vaxzevria,Janssen - Ad26.COV 2-S,Pfizer BioNTech - Comirnaty,SII - Covishield",2/15/2021,4,6325,5.621
Guadeloupe,GLP,AMRO,REPORTING,5/6/2022,373576,148333,93.365,37.072,142425,35.595,"AstraZeneca - Vaxzevria,Janssen - Ad26.COV 2-S,Moderna - Spikevax,Pfizer BioNTech - Comirnaty",1/8/2021,6,82818,20.698
Guam,GUM,WPRO,REPORTING,4/21/2022,341561,153728,202.377,91.085,139725,82.788,"Janssen - Ad26.COV 2-S,Moderna - Spikevax,Pfizer BioNTech - Comirnaty",1/4/2021,3,60163,35.647
Guatemala,GTM,AMRO,REPORTING,5/6/2022,17045569,8149141,95.144,45.486,6146209,34.307,"AstraZeneca - Vaxzevria,Gamaleya - Gam-Covid-Vac,Moderna - Spikevax,Pfizer BioNTech - Comirnaty,SII - Covishield",2/25/2021,5,2733733,15.259
Guernsey,GGY,EURO,OWID,5/3/2022,153619,,238.287,,,,"Moderna - mRNA-1273, AstraZeneca - AZD1222, Pfizer BioNTech - Comirnaty",,3,,
Guinea,GIN,AFRO,REPORTING,5/8/2022,6111743,4477033,46.538,34.09,2510700,19.118,"Beijing CNBG - BBIBP-CorV,Gamaleya - Gam-Covid-Vac,Janssen - Ad26.COV 2-S,Pfizer BioNTech - Comirnaty,SII - Covishield,Sinovac - CoronaVac",3/5/2021,6,,
Guinea-Bissau,GNB,AFRO,REPORTING,5/8/2022,562620,519455,28.588,26.395,341495,17.352,"Beijing CNBG - BBIBP-CorV,SII - Covishield",4/2/2021,2,20,0.001
Guyana,GUY,AMRO,REPORTING,5/6/2022,903034,475116,114.809,60.405,365149,46.424,"AstraZeneca - Vaxzevria,Beijing CNBG - BBIBP-CorV,Gamaleya - Gam-Covid-Vac,Janssen - Ad26.COV 2-S,Moderna - Spikevax,Pfizer BioNTech - Comirnaty,SII - Covishield",2/11/2021,7,62769,7.98
Haiti,HTI,AMRO,REPORTING,5/6/2022,275632,181322,2.417,1.59,127003,1.114,"Janssen - Ad26.COV 2-S,Moderna - Spikevax",,2,,
Honduras,HND,AMRO,REPORTING,5/6/2022,13657639,5960689,137.892,60.181,5340476,53.919,"AstraZeneca - Vaxzevria,Gamaleya - Gam-Covid-Vac,Janssen - Ad26.COV 2-S,Moderna - Spikevax,Pfizer BioNTech - Comirnaty,SII - Covishield",2/22/2021,6,2356849,23.795
Hungary,HUN,EURO,REPORTING,5/1/2022,16371264,6343223,167.6,64.929,6136829,62.816,"AstraZeneca - Vaxzevria,Beijing CNBG - BBIBP-CorV,Gamaleya - Gam-Covid-Vac,Janssen - Ad26.COV 2-S,Moderna - Spikevax,Pfizer BioNTech - Comirnaty,Sinovac - CoronaVac",12/23/2020,7,3829408,39.197
Iceland,ISL,EURO,REPORTING,4/3/2022,797004,306009,218.9,84.037,296252,81.358,"AstraZeneca - Vaxzevria,Janssen - Ad26.COV 2-S,Moderna - Spikevax,Pfizer BioNTech - Comirnaty",12/30/2020,4,248616,68.276
India,IND,SEARO,REPORTING,5/10/2022,1906551885,1004921253,138.155,72.82,871590794,63.159,"Bharat - Covaxin,Biological E - Corbevax,Gamaleya - Gam-Covid-Vac,Janssen - Ad26.COV 2-S,Moderna - Spikevax,SII - Covishield,SII - Covovax,Zydus - ZyCov-D",1/16/2021,8,30039838,2.177
Indonesia,IDN,SEARO,REPORTING,5/10/2022,406244365,199370175,148.523,72.89,165719307,60.587,"AstraZeneca - Vaxzevria,Beijing CNBG - BBIBP-CorV,Janssen - Ad26.COV 2-S,Moderna - Spikevax,Novavax-NUVAXOVID,Pfizer BioNTech - Comirnaty,Sinovac - CoronaVac",1/13/2021,7,41154883,15.046
Iran (Islamic Republic of),IRN,EMRO,REPORTING,5/8/2022,148519147,64352741,176.823,76.617,57591669,68.567,"AstraZeneca - Vaxzevria,Beijing CNBG - BBIBP-CorV,Bharat - Covaxin,CanSino - Convidecia,Finlay - Soberana-02,Gamaleya - Gam-Covid-Vac,Gamaleya - Sputnik-Light,Janssen - Ad26.COV 2-S,Moderna - Spikevax,Pfizer BioNTech - Comirnaty,Shifa - COVIran Barakat,Sinovac - CoronaVac",2/9/2021,12,26574737,31.639
Iraq,IRQ,EMRO,REPORTING,5/8/2022,18142685,10557921,45.106,26.249,7414628,18.434,"AstraZeneca - Vaxzevria,Beijing CNBG - BBIBP-CorV,Bharat - Covaxin,CanSino - Convidecia,Gamaleya - Gam-Covid-Vac,Gamaleya - Sputnik-Light,Janssen - Ad26.COV 2-S,Moderna - Spikevax,Pfizer BioNTech - Comirnaty,Sinovac - CoronaVac",3/2/2021,10,170136,0.423
Ireland,IRL,EURO,REPORTING,5/1/2022,10781457,4033681,217.2,81.251,3989700,80.366,"AstraZeneca - Vaxzevria,Janssen - Ad26.COV 2-S,Moderna - Spikevax,Novavax-NUVAXOVID,Pfizer BioNTech - Comirnaty",12/30/2020,5,2994751,60.324
Isle of Man,IMN,EURO,OWID,4/5/2022,189681,69532,223.07,81.772,67024,78.822,"Moderna - mRNA-1273, AstraZeneca - AZD1222, Pfizer BioNTech - Comirnaty",,3,53125,62.476
Israel,ISR,EURO,REPORTING,4/17/2022,15012927,7053159,173.4,81.487,6380981,73.721,"AstraZeneca - Vaxzevria,Moderna - Spikevax,Pfizer BioNTech - Comirnaty",12/16/2020,3,1578787,18.24
Italy,ITA,EURO,REPORTING,5/1/2022,135709653,50370974,227.5,84.461,47441188,79.544,"AstraZeneca - Vaxzevria,Janssen - Ad26.COV 2-S,Moderna - Spikevax,Novavax-NUVAXOVID,Pfizer BioNTech - Comirnaty",12/23/2020,5,39376794,66.022
Jamaica,JAM,AMRO,REPORTING,5/6/2022,1420563,792047,47.973,26.748,688645,23.256,"AstraZeneca - Vaxzevria,Beijing CNBG - BBIBP-CorV,Janssen - Ad26.COV 2-S,Pfizer BioNTech - Comirnaty,SII - Covishield",3/10/2021,5,37608,1.27
Japan,JPN,WPRO,REPORTING,4/27/2022,270695768,103153093,214.029,81.559,101458832,80.22,"AstraZeneca - Vaxzevria,Moderna - Spikevax,Novavax-NUVAXOVID,Pfizer BioNTech - Comirnaty",2/17/2021,4,66083843,52.25
Jersey,JEY,EURO,OWID,5/1/2022,232966,83237,216.117,77.217,80268,74.463,"Moderna - mRNA-1273, AstraZeneca - AZD1222, Pfizer BioNTech - Comirnaty",,3,69461,64.437
Jordan,JOR,EMRO,REPORTING,5/5/2022,9901017,4764976,97.039,46.701,4486523,43.972,"AstraZeneca - Vaxzevria,Beijing CNBG - BBIBP-CorV,Bharat - Covaxin,CanSino - Convidecia,Gamaleya - Gam-Covid-Vac,Gamaleya - Sputnik-Light,Janssen - Ad26.COV 2-S,Moderna - Spikevax,Pfizer BioNTech - Comirnaty,Sinovac - CoronaVac",1/13/2021,10,653646,6.406
Kazakhstan,KAZ,EURO,REPORTING,5/1/2022,24513997,10529186,130.6,56.076,10145531,54.033,"Beijing CNBG - BBIBP-CorV,Gamaleya - Gam-Covid-Vac,Pfizer BioNTech - Comirnaty,RIBSP - QazVac,Sinovac - CoronaVac",4/7/2021,5,3839280,20.447
Kenya,KEN,AFRO,REPORTING,5/8/2022,17927457,11711277,33.34,21.78,8315517,15.465,"Beijing CNBG - BBIBP-CorV,Janssen - Ad26.COV 2-S,Moderna - Spikevax,Pfizer BioNTech - Comirnaty,SII - Covishield",3/5/2021,5,304280,0.566
Kiribati,KIR,WPRO,REPORTING,4/15/2022,144216,79764,120.734,66.777,58191,48.716,"AstraZeneca - Vaxzevria,Beijing CNBG - BBIBP-CorV",5/26/2021,2,6261,5.242
Kosovo,XKX,EURO,REPORTING,4/24/2022,1825133,902249,101.6,50.246,821537,45.751,"AstraZeneca - AZD1222, Pfizer BioNTech - Comirnaty",,2,101347,5.644
Kuwait,KWT,EMRO,REPORTING,5/10/2022,7990026,3421731,187.095,80.124,3300602,77.287,"AstraZeneca - Vaxzevria,Beijing CNBG - BBIBP-CorV,Bharat - Covaxin,CanSino - Convidecia,Gamaleya - Gam-Covid-Vac,Gamaleya - Sputnik-Light,Janssen - Ad26.COV 2-S,Moderna - Spikevax,Pfizer BioNTech - Comirnaty,Sinovac - CoronaVac",12/28/2020,10,1267693,29.684
Kyrgyzstan,KGZ,EURO,REPORTING,5/1/2022,2786644,1412449,42.7,21.649,1238165,18.978,"AstraZeneca - Vaxzevria,Beijing CNBG - BBIBP-CorV,Gamaleya - Gam-Covid-Vac,Moderna - Spikevax,Pfizer BioNTech - Comirnaty,RIBSP - QazVac",3/31/2021,6,136030,2.085
Lao People's Democratic Republic,LAO,WPRO,REPORTING,4/6/2022,10527679,5670200,144.699,77.935,4614786,63.429,"AstraZeneca - Vaxzevria,Beijing CNBG - BBIBP-CorV,Gamaleya - Gam-Covid-Vac,Gamaleya - Sputnik-Light,Janssen - Ad26.COV 2-S,Pfizer BioNTech - Comirnaty,SII - Covishield,Sinovac - CoronaVac",11/25/2020,8,1289144,17.719
Latvia,LVA,EURO,REPORTING,4/24/2022,2820615,1300253,147.9,68.159,1267891,66.463,"AstraZeneca - Vaxzevria,Janssen - Ad26.COV 2-S,Moderna - Spikevax,Novavax-NUVAXOVID,Pfizer BioNTech - Comirnaty",12/30/2020,5,524483,27.493
Lebanon,LBN,EMRO,REPORTING,5/9/2022,5613936,2679956,82.25,39.264,2356112,34.52,"AstraZeneca - Vaxzevria,Beijing CNBG - BBIBP-CorV,Bharat - Covaxin,CanSino - Convidecia,Gamaleya - Gam-Covid-Vac,Gamaleya - Sputnik-Light,Janssen - Ad26.COV 2-S,Moderna - Spikevax,Pfizer BioNTech - Comirnaty,Sinovac - CoronaVac",2/14/2021,10,577868,8.466
Lesotho,LSO,AFRO,REPORTING,5/8/2022,933825,933825,43.591,43.591,735610,34.338,"Beijing CNBG - BBIBP-CorV,Janssen - Ad26.COV 2-S,SII - Covishield",3/10/2021,3,,
Liberia,LBR,AFRO,REPORTING,5/8/2022,1837296,1751520,36.327,34.631,1438154,28.435,SII - Covishield,4/1/2021,1,1912,0.038
Libya,LBY,EMRO,REPORTING,5/5/2022,3454320,2215144,50.272,32.238,1141412,16.611,"AstraZeneca - Vaxzevria,Beijing CNBG - BBIBP-CorV,Bharat - Covaxin,CanSino - Convidecia,Gamaleya - Gam-Covid-Vac,Gamaleya - Sputnik-Light,Janssen - Ad26.COV 2-S,Moderna - Spikevax,Pfizer BioNTech - Comirnaty,Sinovac - CoronaVac",4/11/2021,10,97764,1.423
Liechtenstein,LIE,OTHER,REPORTING,4/10/2022,71104,26681,183.5,68.86,26346,67.995,"Janssen - Ad26.COV 2-S,Moderna - Spikevax,Pfizer BioNTech - Comirnaty",1/6/2021,3,18310,47.255
Lithuania,LTU,EURO,REPORTING,5/1/2022,4466348,1949989,159.8,69.944,1899322,67.976,"AstraZeneca - Vaxzevria,Janssen - Ad26.COV 2-S,Moderna - Spikevax,Pfizer BioNTech - Comirnaty,Unknown Vaccine",12/23/2020,5,886648,31.733
Luxembourg,LUX,EURO,REPORTING,5/1/2022,1255649,468958,200.5,74.9,461798,73.757,"AstraZeneca - Vaxzevria,Janssen - Ad26.COV 2-S,Moderna - Spikevax,Novavax-NUVAXOVID,Pfizer BioNTech - Comirnaty",12/30/2020,5,359283,57.384
Madagascar,MDG,AFRO,REPORTING,5/8/2022,2369775,1290584,8.558,4.661,1156975,4.178,"Beijing CNBG - BBIBP-CorV,Janssen - Ad26.COV 2-S,SII - Covishield",5/10/2021,3,27380,0.099
Malawi,MWI,AFRO,REPORTING,5/8/2022,2054585,1596607,10.74,8.346,908688,4.75,"Janssen - Ad26.COV 2-S,SII - Covishield",3/11/2021,2,740,0.004
Malaysia,MYS,WPRO,REPORTING,5/6/2022,70366312,27780052,217.408,85.831,26759334,82.677,"AstraZeneca - Vaxzevria,Beijing CNBG - BBIBP-CorV,CanSino - Convidecia,Gamaleya - Gam-Covid-Vac,Janssen - Ad26.COV 2-S,Moderna - Spikevax,Pfizer BioNTech - Comirnaty,Sinovac - CoronaVac",2/24/2021,8,16040304,49.559
Maldives,MDV,SEARO,REPORTING,5/9/2022,941585,398597,174.192,73.74,383980,71.036,"AstraZeneca - Vaxzevria,Beijing CNBG - BBIBP-CorV,Gamaleya - Gam-Covid-Vac,Janssen - Ad26.COV 2-S,Moderna - Spikevax,Pfizer BioNTech - Comirnaty,SII - Covishield,Sinovac - CoronaVac",2/1/2021,8,159008,29.416
Mali,MLI,AFRO,REPORTING,5/8/2022,1993965,1439740,9.846,7.11,1075123,5.309,SII - Covishield,3/31/2021,1,,
Malta,MLT,EURO,REPORTING,4/24/2022,1216447,449828,236.4,87.419,443707,86.23,"AstraZeneca - Vaxzevria,Janssen - Ad26.COV 2-S,Moderna - Spikevax,Pfizer BioNTech - Comirnaty",12/23/2020,4,347060,67.447
Marshall Islands,MHL,WPRO,REPORTING,4/21/2022,64048,33265,108.2,56.197,26892,45.43,"Janssen - Ad26.COV 2-S,Moderna - Spikevax,Pfizer BioNTech - Comirnaty",12/29/2020,3,6687,11.297
Martinique,MTQ,AMRO,REPORTING,5/6/2022,379623,148410,101.161,39.548,143206,38.161,Pfizer BioNTech - Comirnaty,,1,88007,23.452
Mauritania,MRT,AFRO,REPORTING,5/8/2022,2650797,1567060,57.011,33.703,1068169,22.973,"Beijing CNBG - BBIBP-CorV,SII - Covishield",3/26/2021,2,47137,1.014
Mauritius,MUS,AFRO,REPORTING,5/8/2022,2698115,1000474,212.155,78.668,963452,75.757,"Beijing CNBG - BBIBP-CorV,Bharat - Covaxin,SII - Covishield",1/26/2021,3,607749,47.788
Mexico,MEX,AMRO,REPORTING,5/6/2022,201861103,85904997,156.563,66.628,79947470,62.007,"AstraZeneca - Vaxzevria,CanSino - Convidecia,Gamaleya - Gam-Covid-Vac,Janssen - Ad26.COV 2-S,Moderna - Spikevax,Pfizer BioNTech - Comirnaty,Sinovac - CoronaVac",12/24/2020,7,48258084,37.429
Micronesia (Federated States of),FSM,WPRO,REPORTING,4/21/2022,122731,66131,106.701,57.494,55921,48.617,"AstraZeneca - Vaxzevria,Janssen - Ad26.COV 2-S,Moderna - Spikevax,Pfizer BioNTech - Comirnaty",1/13/2021,4,13642,11.86
Monaco,MCO,EURO,REPORTING,12/21/2021,65140,28875,166,73.578,25667,65.404,"Moderna - Spikevax,Novavax-NUVAXOVID,Pfizer BioNTech - Comirnaty",6/30/2021,3,,
Mongolia,MNG,WPRO,REPORTING,5/6/2022,5619236,2273095,171.408,69.338,2175855,66.372,"AstraZeneca - Vaxzevria,Beijing CNBG - BBIBP-CorV,Gamaleya - Gam-Covid-Vac,Moderna - Spikevax,Pfizer BioNTech - Comirnaty,SII - Covishield",2/23/2021,6,1041240,31.762
Montenegro,MNE,EURO,REPORTING,4/10/2022,528839,276421,84.2,44.45,252418,40.59,"AstraZeneca - Vaxzevria,Beijing CNBG - BBIBP-CorV,Gamaleya - Gam-Covid-Vac,Pfizer BioNTech - Comirnaty,Unknown Vaccine",2/24/2021,5,0,0
Montserrat,MSR,AMRO,REPORTING,5/6/2022,4255,1916,85.117,38.328,1829,36.587,AstraZeneca - Vaxzevria,2/8/2021,1,510,10.202
Morocco,MAR,EMRO,REPORTING,5/10/2022,54485117,24908701,147.614,67.484,23387915,63.364,"AstraZeneca - Vaxzevria,Beijing CNBG - BBIBP-CorV,Bharat - Covaxin,CanSino - Convidecia,Gamaleya - Gam-Covid-Vac,Gamaleya - Sputnik-Light,Janssen - Ad26.COV 2-S,Moderna - Spikevax,Pfizer BioNTech - Comirnaty,Sinovac - CoronaVac",1/28/2021,10,6286214,17.031
Mozambique,MOZ,AFRO,REPORTING,5/8/2022,31616078,14816217,101.154,47.404,13891137,44.444,"Beijing CNBG - BBIBP-CorV,Janssen - Ad26.COV 2-S,SII - Covishield",3/8/2021,3,340293,1.089
Myanmar,MMR,SEARO,REPORTING,5/9/2022,55949240,30782442,102.829,56.575,23672564,43.508,"Beijing CNBG - BBIBP-CorV,SII - Covishield",1/27/2021,2,1494234,2.746
Namibia,NAM,AFRO,REPORTING,5/8/2022,834756,479078,32.853,18.855,408202,16.065,"Beijing CNBG - BBIBP-CorV,Janssen - Ad26.COV 2-S,Pfizer BioNTech - Comirnaty,SII - Covishield",3/19/2021,4,55574,2.187
Nauru,NRU,WPRO,REPORTING,3/31/2022,22976,9464,212.073,87.355,8585,79.241,"AstraZeneca - Vaxzevria,SII - Covishield",4/9/2021,2,4927,45.477
Nepal,NPL,SEARO,REPORTING,5/9/2022,45693223,22326785,156.823,76.627,19701003,67.616,"AstraZeneca - Vaxzevria,Beijing CNBG - BBIBP-CorV,Bharat - Covaxin,Gamaleya - Gam-Covid-Vac,Janssen - Ad26.COV 2-S,Moderna - Spikevax,Pfizer BioNTech - Comirnaty,SII - Covishield",1/27/2021,8,3665435,12.58
Netherlands,NLD,EURO,REPORTING,5/1/2022,36126361,13465622,207.5,77.355,12405837,71.267,"AstraZeneca - Vaxzevria,Janssen - Ad26.COV 2-S,Moderna - Spikevax,Novavax-NUVAXOVID,Pfizer BioNTech - Comirnaty,Unknown Vaccine",1/6/2021,6,9304880,53.453
New Caledonia,NCL,WPRO,REPORTING,5/2/2022,459742,188146,161.032,65.901,180038,63.061,"Janssen - Ad26.COV 2-S,Pfizer BioNTech - Comirnaty",1/20/2021,2,91558,32.07
New Zealand,NZL,WPRO,REPORTING,5/6/2022,11053632,4263702,229.222,88.418,4074691,84.498,"AstraZeneca - Vaxzevria,Janssen - Ad26.COV 2-S,Novavax-NUVAXOVID,Pfizer BioNTech - Comirnaty",2/19/2021,4,2660782,55.177
Nicaragua,NIC,AMRO,REPORTING,5/6/2022,10404774,5714698,157.064,86.265,4690076,70.798,"AstraZeneca - Vaxzevria,CIGB - CIGB-66,Finlay - Soberana Plus,Finlay - Soberana-02,Gamaleya - Gam-Covid-Vac,Gamaleya - Sputnik-Light,Janssen - Ad26.COV 2-S,Pfizer BioNTech - Comirnaty,SII - Covishield",3/3/2021,9,,
Niger,NER,AFRO,REPORTING,5/8/2022,2692524,2190790,11.123,9.05,1549279,6.4,"Beijing CNBG - BBIBP-CorV,SII - Covishield",3/29/2021,2,,
Nigeria,NGA,AFRO,REPORTING,5/8/2022,41091354,27401621,19.934,13.293,15931011,7.728,SII - Covishield,3/5/2021,1,942369,0.457
Niue,NIU,WPRO,REPORTING,3/13/2022,4161,1650,257.169,101.978,1417,87.577,Pfizer BioNTech - Comirnaty,6/8/2021,1,1094,67.614
North Macedonia,MKD,EURO,REPORTING,5/1/2022,1847640,853497,88.7,41.108,836829,40.305,"AstraZeneca - Vaxzevria,Beijing CNBG - BBIBP-CorV,Gamaleya - Gam-Covid-Vac,Pfizer BioNTech - Comirnaty,Sinovac - CoronaVac,Wuhan CNBG - Inactivated",2/17/2021,6,157314,7.577
Northern Mariana Islands (Commonwealth of the),MNP,WPRO,REPORTING,5/4/2022,111665,44759,194.008,77.765,43866,76.213,"Janssen - Ad26.COV 2-S,Moderna - Spikevax,Pfizer BioNTech - Comirnaty",12/19/2020,3,23040,40.03
Norway,NOR,EURO,REPORTING,5/1/2022,11293086,4333777,210.4,80.74,4038343,75.236,"AstraZeneca - Vaxzevria,Janssen - Ad26.COV 2-S,Moderna - Spikevax,Pfizer BioNTech - Comirnaty",12/23/2020,4,2927946,54.549
occupied Palestinian territory,PSE,EMRO,REPORTING,5/8/2022,3720221,2002142,72.925,39.247,1768991,34.676,"AstraZeneca - Vaxzevria,Beijing CNBG - BBIBP-CorV,Bharat - Covaxin,CanSino - Convidecia,Gamaleya - Gam-Covid-Vac,Gamaleya - Sputnik-Light,Janssen - Ad26.COV 2-S,Moderna - Spikevax,Pfizer BioNTech - Comirnaty,Sinovac - CoronaVac",2/2/2021,10,327224,6.414
Oman,OMN,EMRO,REPORTING,4/27/2022,7039789,3261677,137.856,63.871,3030281,59.34,"AstraZeneca - Vaxzevria,Beijing CNBG - BBIBP-CorV,Bharat - Covaxin,CanSino - Convidecia,Gamaleya - Gam-Covid-Vac,Gamaleya - Sputnik-Light,Janssen - Ad26.COV 2-S,Moderna - Spikevax,Pfizer BioNTech - Comirnaty,SII - Covishield,Sinovac - CoronaVac",12/29/2020,11,747831,14.644
Pakistan,PAK,EMRO,REPORTING,5/8/2022,252931485,142432832,114.504,64.481,120303098,54.462,"AstraZeneca - Vaxzevria,Beijing CNBG - BBIBP-CorV,Bharat - Covaxin,CanSino - Convidecia,Gamaleya - Gam-Covid-Vac,Gamaleya - Sputnik-Light,Janssen - Ad26.COV 2-S,Moderna - Spikevax,Pfizer BioNTech - Comirnaty,SII - Covishield,Sinovac - CoronaVac",2/3/2021,11,6998766,3.168
Palau,PLW,WPRO,REPORTING,4/21/2022,47030,20176,259.949,111.519,17937,99.143,"Janssen - Ad26.COV 2-S,Moderna - Spikevax,Pfizer BioNTech - Comirnaty",1/3/2021,3,11266,62.271
Panama,PAN,AMRO,REPORTING,5/6/2022,8079415,3466298,187.25,80.336,3079475,71.371,"AstraZeneca - Vaxzevria,Pfizer BioNTech - Comirnaty",1/20/2021,2,1529863,35.456
Papua New Guinea,PNG,WPRO,REPORTING,4/19/2022,441214,323345,4.931,3.614,263995,2.951,"AstraZeneca - Vaxzevria,Beijing CNBG - BBIBP-CorV,Janssen - Ad26.COV 2-S,SII - Covishield",3/30/2021,4,13841,0.155
Paraguay,PRY,AMRO,REPORTING,5/6/2022,8647379,3895435,121.238,54.615,3386833,47.484,"AstraZeneca - Vaxzevria,Beijing CNBG - BBIBP-CorV,Bharat - Covaxin,Gamaleya - Gam-Covid-Vac,Julphar - Hayat-Vax,Moderna - Spikevax,Pfizer BioNTech - Comirnaty,Sinovac - CoronaVac",2/22/2021,8,1363828,19.121
Peru,PER,AMRO,REPORTING,5/6/2022,72763716,29189570,220.684,88.529,27002494,81.896,"AstraZeneca - Vaxzevria,Beijing CNBG - BBIBP-CorV,Moderna - Spikevax,Pfizer BioNTech - Comirnaty",2/9/2021,4,16316965,49.488
Philippines,PHL,WPRO,REPORTING,5/5/2022,147623883,73470137,134.717,67.046,68956057,62.927,"AstraZeneca - Vaxzevria,Beijing CNBG - BBIBP-CorV,Bharat - Covaxin,Gamaleya - Gam-Covid-Vac,Gamaleya - Sputnik-Light,Janssen - Ad26.COV 2-S,Julphar - Hayat-Vax,Moderna - Spikevax,Novavax-NUVAXOVID,Pfizer BioNTech - Comirnaty,Sinovac - CoronaVac",3/1/2021,11,13389430,12.219
Pitcairn Islands,PCN,WPRO,REPORTING,2/28/2022,106,46,212,92,37,74,AstraZeneca - Vaxzevria,5/17/2021,1,23,46
Poland,POL,EURO,REPORTING,5/1/2022,54370993,22769680,143.2,59.986,22473613,59.206,"AstraZeneca - Vaxzevria,Janssen - Ad26.COV 2-S,Moderna - Spikevax,Novavax-NUVAXOVID,Pfizer BioNTech - Comirnaty",12/23/2020,5,11918350,31.399
Portugal,PRT,EURO,REPORTING,5/1/2022,23821358,9701161,231.4,94.328,8836199,85.822,"AstraZeneca - Vaxzevria,Beijing CNBG - BBIBP-CorV,Janssen - Ad26.COV 2-S,Moderna - Spikevax,Pfizer BioNTech - Comirnaty,Sinovac - CoronaVac",12/23/2020,6,6406862,62.227
Puerto Rico,PRI,AMRO,REPORTING,5/6/2022,7181867,3121546,251.039,109.112,2654207,92.777,"Janssen - Ad26.COV 2-S,Moderna - Spikevax,Pfizer BioNTech - Comirnaty",,3,1546840,54.069
Qatar,QAT,EMRO,REPORTING,5/10/2022,6769631,2611100,234.971,90.63,2611100,90.63,"AstraZeneca - Vaxzevria,Beijing CNBG - BBIBP-CorV,Bharat - Covaxin,CanSino - Convidecia,Gamaleya - Gam-Covid-Vac,Gamaleya - Sputnik-Light,Janssen - Ad26.COV 2-S,Moderna - Spikevax,Pfizer BioNTech - Comirnaty,Sinovac - CoronaVac",,10,1547431,53.711
Republic of Korea,KOR,WPRO,REPORTING,5/9/2022,124962801,45956689,243.739,89.638,44474239,86.747,"AstraZeneca - Vaxzevria,Janssen - Ad26.COV 2-S,Moderna - Spikevax,Novavax-NUVAXOVID,Pfizer BioNTech - Comirnaty",2/26/2021,5,33171116,64.7
Republic of Moldova,MDA,EURO,REPORTING,5/1/2022,2174088,1090356,53.9,27.029,1060647,26.293,"AstraZeneca - Vaxzevria,Beijing CNBG - BBIBP-CorV,Gamaleya - Gam-Covid-Vac,Janssen - Ad26.COV 2-S,Moderna - Spikevax,Pfizer BioNTech - Comirnaty,Sinovac - CoronaVac",3/3/2021,7,324506,8.044
Romania,ROU,EURO,REPORTING,5/1/2022,16000304,8170257,82.8,42.27,8114498,41.981,"AstraZeneca - Vaxzevria,Janssen - Ad26.COV 2-S,Moderna - Spikevax,Pfizer BioNTech - Comirnaty",1/27/2021,4,1728606,8.943
Russian Federation,RUS,EURO,OWID,4/26/2022,165983904,80485662,113.7,55.152,73293254,50.223,"SRCVB - EpiVacCorona, Gamaleya - Sputnik V",,2,,
Rwanda,RWA,AFRO,REPORTING,5/8/2022,20141669,9005283,155.507,69.527,8405309,64.895,"Beijing CNBG - BBIBP-CorV,Gamaleya - Gam-Covid-Vac,Janssen - Ad26.COV 2-S,Moderna - Spikevax,Pfizer BioNTech - Comirnaty,SII - Covishield,Sinovac - CoronaVac",3/5/2021,7,4188208,32.336
Saba,XCA,AMRO,REPORTING,5/6/2022,4180,1585,216.244,81.997,1571,81.273,,,,1024,52.975
Saint Helena,SHN,AFRO,OWID,5/5/2021,7892,4361,129.995,71.833,3531,58.162,AstraZeneca - AZD1222,,1,,
Saint Kitts and Nevis,KNA,AMRO,REPORTING,5/6/2022,58370,28403,109.735,53.397,26650,50.102,"AstraZeneca - Vaxzevria,Pfizer BioNTech - Comirnaty,SII - Covishield",2/22/2021,3,3317,6.236
Saint Lucia,LCA,AMRO,REPORTING,5/6/2022,119786,58917,65.233,32.085,53583,29.18,"AstraZeneca - Vaxzevria,Janssen - Ad26.COV 2-S,Moderna - Spikevax,Pfizer BioNTech - Comirnaty,SII - Covishield",2/17/2021,5,7286,3.968
Saint Vincent and the Grenadines,VCT,AMRO,REPORTING,5/6/2022,70310,36268,63.377,32.692,30437,27.436,"AstraZeneca - Vaxzevria,Gamaleya - Gam-Covid-Vac,Gamaleya - Sputnik-Light,Pfizer BioNTech - Comirnaty,SII - Covishield",2/1/2021,5,3605,3.25
Samoa,WSM,WPRO,REPORTING,4/24/2022,412127,188680,207.711,95.094,156203,78.726,"AstraZeneca - Vaxzevria,Pfizer BioNTech - Comirnaty",4/18/2021,2,67244,33.891
San Marino,SMR,EURO,REPORTING,5/1/2022,69259,26351,204.1,76.484,23631,68.589,"Gamaleya - Gam-Covid-Vac,Pfizer BioNTech - Comirnaty",2/24/2021,2,19277,55.952
Sao Tome and Principe,STP,AFRO,REPORTING,5/8/2022,208657,113708,95.208,51.884,86914,39.658,"AstraZeneca - Vaxzevria,SII - Covishield",3/15/2021,2,2685,1.225
Saudi Arabia,SAU,EMRO,REPORTING,5/10/2022,64649318,26470771,185.7,76.035,24816030,71.282,"AstraZeneca - Vaxzevria,Beijing CNBG - BBIBP-CorV,Bharat - Covaxin,CanSino - Convidecia,Gamaleya - Gam-Covid-Vac,Gamaleya - Sputnik-Light,Janssen - Ad26.COV 2-S,Moderna - Spikevax,Pfizer BioNTech - Comirnaty,Sinovac - CoronaVac",1/6/2021,10,13362517,38.383
Senegal,SEN,AFRO,REPORTING,5/8/2022,2469499,1465788,14.749,8.754,1047236,6.254,"Beijing CNBG - BBIBP-CorV,Janssen - Ad26.COV 2-S,SII - Covishield",2/23/2021,3,7027,0.042
Serbia,SRB,EURO,REPORTING,3/27/2022,6696502,3386883,96.7,48.896,3309619,47.781,"AstraZeneca - Vaxzevria,Beijing CNBG - BBIBP-CorV,Gamaleya - Gam-Covid-Vac,Moderna - Spikevax,Pfizer BioNTech - Comirnaty",12/23/2020,5,0,0
Seychelles,SYC,AFRO,REPORTING,5/8/2022,201121,84679,204.501,86.102,80457,81.809,"Beijing CNBG - BBIBP-CorV,Gamaleya - Gam-Covid-Vac,Julphar - Hayat-Vax,SII - Covishield",1/10/2021,4,36307,36.917
Sierra Leone,SLE,AFRO,REPORTING,5/1/2022,2868978,1987563,35.966,24.916,1315830,16.495,"Beijing CNBG - BBIBP-CorV,SII - Covishield",3/15/2021,2,5359,0.067
Singapore,SGP,WPRO,REPORTING,5/2/2022,13996595,5013097,239.244,85.689,4982801,85.171,"AstraZeneca - Vaxzevria,Beijing CNBG - BBIBP-CorV,Moderna - Spikevax,Pfizer BioNTech - Comirnaty",12/30/2020,4,4000697,68.384
Sint Eustatius,XBA,AMRO,REPORTING,5/6/2022,3559,1588,113.38,50.589,1522,48.487,,,,449,14.304
Sint Maarten,SXM,AMRO,REPORTING,5/6/2022,62043,27974,144.683,65.235,25970,60.562,"AstraZeneca - Vaxzevria,Moderna - Spikevax,Pfizer BioNTech - Comirnaty",2/22/2021,3,8099,18.887
Slovakia,SVK,EURO,REPORTING,5/1/2022,7069763,2821136,129.5,51.689,2770480,50.761,"AstraZeneca - Vaxzevria,Gamaleya - Gam-Covid-Vac,Janssen - Ad26.COV 2-S,Moderna - Spikevax,Novavax-NUVAXOVID,Pfizer BioNTech - Comirnaty",1/6/2021,6,1646757,30.172
Slovenia,SVN,EURO,REPORTING,5/1/2022,2956156,1238708,141,59.103,1207508,57.614,"AstraZeneca - Vaxzevria,Janssen - Ad26.COV 2-S,Moderna - Spikevax,Novavax-NUVAXOVID,Pfizer BioNTech - Comirnaty",12/23/2020,5,645904,30.818
Solomon Islands,SLB,WPRO,REPORTING,5/8/2022,431304,267871,62.791,38.998,161810,23.557,"AstraZeneca - Vaxzevria,Beijing CNBG - BBIBP-CorV,Pfizer BioNTech - Comirnaty,SII - Covishield",3/23/2021,4,2976,0.433
Somalia,SOM,EMRO,REPORTING,5/8/2022,2677716,2200129,16.848,13.843,1385138,8.715,"AstraZeneca - Vaxzevria,Beijing CNBG - BBIBP-CorV,Bharat - Covaxin,CanSino - Convidecia,Gamaleya - Gam-Covid-Vac,Gamaleya - Sputnik-Light,Janssen - Ad26.COV 2-S,Moderna - Spikevax,Pfizer BioNTech - Comirnaty,SII - Covishield,Sinovac - CoronaVac",3/16/2021,11,,
South Africa,ZAF,AFRO,REPORTING,5/8/2022,35124794,19703742,59.224,33.222,17890102,30.164,"Janssen - Ad26.COV 2-S,Pfizer BioNTech - Comirnaty",2/17/2021,2,2836165,4.782
South Sudan,SSD,AFRO,REPORTING,5/8/2022,711247,663451,6.354,5.927,619944,5.538,"Janssen - Ad26.COV 2-S,SII - Covishield",4/6/2021,2,,
Spain,ESP,EURO,REPORTING,5/1/2022,101296643,41180799,214,87.003,37302187,78.809,"AstraZeneca - Vaxzevria,Janssen - Ad26.COV 2-S,Moderna - Spikevax,Pfizer BioNTech - Comirnaty",12/30/2020,4,24794087,52.383
Sri Lanka,LKA,SEARO,REPORTING,5/9/2022,39503105,17066783,184.48,79.702,14464168,67.548,"AstraZeneca - Vaxzevria,Beijing CNBG - BBIBP-CorV,Gamaleya - Gam-Covid-Vac,Moderna - Spikevax,Pfizer BioNTech - Comirnaty,SII - Covishield",1/29/2021,6,7972154,37.23
Sudan,SDN,EMRO,REPORTING,5/1/2022,7096087,5929766,16.183,13.523,3631390,8.282,"AstraZeneca - Vaxzevria,Beijing CNBG - BBIBP-CorV,Bharat - Covaxin,CanSino - Convidecia,Gamaleya - Gam-Covid-Vac,Gamaleya - Sputnik-Light,Janssen - Ad26.COV 2-S,Moderna - Spikevax,Pfizer BioNTech - Comirnaty,SII - Covishield,Sinovac - CoronaVac",3/9/2021,11,38261,0.087
Suriname,SUR,AMRO,REPORTING,5/6/2022,553668,267593,94.381,45.615,237596,40.502,"AstraZeneca - Vaxzevria,Beijing CNBG - BBIBP-CorV,Moderna - Spikevax,Pfizer BioNTech - Comirnaty,SII - Covishield",2/23/2021,5,48479,8.264
Sweden,SWE,EURO,REPORTING,5/1/2022,21331347,7550310,206.5,73.108,7381438,71.473,"AstraZeneca - Vaxzevria,Moderna - Spikevax,Novavax-NUVAXOVID,Pfizer BioNTech - Comirnaty,Unknown Vaccine",12/23/2020,5,5310978,51.425
Switzerland,CHE,EURO,REPORTING,5/1/2022,16198374,6413965,187.2,74.529,5995819,69.67,"Janssen - Ad26.COV 2-S,Moderna - Spikevax,Pfizer BioNTech - Comirnaty",12/23/2020,3,3847049,44.702
Syrian Arab Republic,SYR,EMRO,REPORTING,5/7/2022,3743771,2484582,21.392,14.197,1563875,8.936,"AstraZeneca - Vaxzevria,Beijing CNBG - BBIBP-CorV,Bharat - Covaxin,CanSino - Convidecia,Gamaleya - Gam-Covid-Vac,Gamaleya - Sputnik-Light,Janssen - Ad26.COV 2-S,Moderna - Spikevax,Pfizer BioNTech - Comirnaty,SII - Covishield,Sinovac - CoronaVac",4/1/2021,11,14011,0.08
Tajikistan,TJK,EURO,REPORTING,5/1/2022,12271999,5182002,128.7,54.332,4959462,51.999,"AstraZeneca - Vaxzevria,Gamaleya - Gam-Covid-Vac,Moderna - Spikevax,Pfizer BioNTech - Comirnaty,SII - Covishield,Sinovac - CoronaVac",3/24/2021,6,2130535,22.338
Thailand,THA,SEARO,REPORTING,5/9/2022,134171194,56221946,192.222,80.547,51539030,73.838,"AstraZeneca - Vaxzevria,Beijing CNBG - BBIBP-CorV,Janssen - Ad26.COV 2-S,Moderna - Spikevax,Pfizer BioNTech - Comirnaty,SII - Covishield,Sinovac - CoronaVac",2/28/2021,7,26410218,37.837
The United Kingdom,GBR,EURO,REPORTING,5/4/2022,142305640,53242209,209.6,78.228,49762476,73.116,"AstraZeneca - Vaxzevria,Moderna - Spikevax,Pfizer BioNTech - Comirnaty",12/21/2020,3,,
Timor-Leste,TLS,SEARO,REPORTING,5/10/2022,1496002,789433,113.467,59.876,637871,48.381,"AstraZeneca - Vaxzevria,Pfizer BioNTech - Comirnaty,SII - Covishield,Sinovac - CoronaVac",4/7/2021,4,68698,5.211
Togo,TGO,AFRO,REPORTING,5/8/2022,3290821,2037429,39.75,24.61,1557538,18.814,SII - Covishield,3/10/2021,1,54353,0.657
Tokelau,TKL,WPRO,REPORTING,4/21/2022,3538,1339,262.074,99.185,1337,99.037,Pfizer BioNTech - Comirnaty,7/20/2021,1,862,63.852
Tonga,TON,WPRO,REPORTING,4/28/2022,261560,104624,247.467,98.987,97151,91.916,"AstraZeneca - Vaxzevria,Pfizer BioNTech - Comirnaty",4/14/2021,2,59785,56.564
Trinidad and Tobago,TTO,AMRO,REPORTING,5/6/2022,1553619,747661,111.013,53.424,711507,50.841,"AstraZeneca - Vaxzevria,Beijing CNBG - BBIBP-CorV,Janssen - Ad26.COV 2-S,Pfizer BioNTech - Comirnaty,SII - Covishield",2/17/2021,5,151283,10.81
Tunisia,TUN,EMRO,REPORTING,5/9/2022,13151111,7225647,111.275,61.138,6368899,53.889,"AstraZeneca - Vaxzevria,Beijing CNBG - BBIBP-CorV,Bharat - Covaxin,CanSino - Convidecia,Gamaleya - Gam-Covid-Vac,Gamaleya - Sputnik-Light,Janssen - Ad26.COV 2-S,Moderna - Spikevax,Pfizer BioNTech - Comirnaty,Sinovac - CoronaVac",3/13/2021,10,1243334,10.52
Turkey,TUR,EURO,OWID,4/26/2022,147426248,57812094,174.8,69.523,53025688,63.767,"Pfizer BioNTech - Comirnaty, Sinovac - CoronaVac, Turkovac",,3,,
Turkmenistan,TKM,EURO,REPORTING,3/6/2022,7140000,2970000,118.4,49.244,2920000,48.415,"Anhui ZL - Zifivax,AstraZeneca - Vaxzevria,Beijing CNBG - BBIBP-CorV,Gamaleya - Gam-Covid-Vac,RIBSP - QazVac,SRCVB - EpiVacCorona,Unknown Vaccine",2/24/2021,7,1250000,20.726
Turks and Caicos Islands,TCA,AMRO,REPORTING,5/6/2022,68800,31491,177.695,81.334,29458,76.083,Pfizer BioNTech - Comirnaty,1/11/2021,1,7851,20.277
Tuvalu,TUV,WPRO,REPORTING,4/5/2022,12528,6368,106.242,54.003,6160,52.239,AstraZeneca - Vaxzevria,4/13/2021,1,,
Uganda,UGA,AFRO,REPORTING,5/8/2022,20899440,15686085,45.691,34.293,10568519,23.105,"Janssen - Ad26.COV 2-S,Moderna - Spikevax,Pfizer BioNTech - Comirnaty,SII - Covishield,Sinovac - CoronaVac",3/10/2021,5,65835,0.144
Ukraine,UKR,EURO,REPORTING,2/27/2022,31668577,15774300,72.4,36.069,15153577,34.65,"AstraZeneca - Vaxzevria,Janssen - Ad26.COV 2-S,Moderna - Spikevax,Pfizer BioNTech - Comirnaty,SII - Covishield,Sinovac - CoronaVac",2/24/2021,6,741197,1.695
United Arab Emirates,ARE,EMRO,REPORTING,5/10/2022,24757900,9991089,250.322,101.018,9763292,98.715,"AstraZeneca - Vaxzevria,Beijing CNBG - BBIBP-CorV,Bharat - Covaxin,CanSino - Convidecia,Gamaleya - Gam-Covid-Vac,Gamaleya - Sputnik-Light,Janssen - Ad26.COV 2-S,Moderna - Spikevax,Pfizer BioNTech - Comirnaty,SII - Covishield,Sinovac - CoronaVac",,11,5003519,50.59
United Republic of Tanzania,TZA,AFRO,REPORTING,5/1/2022,7280582,6483895,12.188,10.855,3467885,5.806,"Beijing CNBG - BBIBP-CorV,Janssen - Ad26.COV 2-S,Pfizer BioNTech - Comirnaty",7/28/2021,3,,
United States of America,USA,AMRO,REPORTING,5/6/2022,570102931,270336718,172.235,81.672,217410632,65.682,"Janssen - Ad26.COV 2-S,Moderna - Spikevax,Pfizer BioNTech - Comirnaty",12/14/2020,3,99432938,30.04
Uruguay,URY,AMRO,REPORTING,5/6/2022,8186727,2984761,235.675,85.924,2864925,82.474,"AstraZeneca - Vaxzevria,Pfizer BioNTech - Comirnaty,Sinovac - CoronaVac",2/27/2021,3,2337041,67.278
Uzbekistan,UZB,EURO,REPORTING,4/24/2022,48286000,19169443,144.3,57.275,14551774,43.478,"Anhui ZL - Zifivax,Gamaleya - Gam-Covid-Vac,Gamaleya - Sputnik-Light,Moderna - Spikevax,Pfizer BioNTech - Comirnaty,SII - Covishield,Sinovac - CoronaVac",4/28/2021,7,4571851,13.66
Vanuatu,VUT,WPRO,REPORTING,4/3/2022,242178,132941,78.848,43.283,118158,38.47,"AstraZeneca - Vaxzevria,Beijing CNBG - BBIBP-CorV,Janssen - Ad26.COV 2-S",6/2/2021,3,10610,3.454
Venezuela (Bolivarian Republic of),VEN,AMRO,REPORTING,5/6/2022,37860994,22157232,133.145,77.92,14287370,50.244,"Beijing CNBG - BBIBP-CorV,CIGB - CIGB-66,Finlay - Soberana-02,Gamaleya - Gam-Covid-Vac,Gamaleya - Sputnik-Light,Sinovac - CoronaVac",2/22/2021,6,651502,2.291
Viet Nam,VNM,WPRO,REPORTING,5/5/2022,215350776,82077999,221.239,84.322,77122937,79.232,"AstraZeneca - Vaxzevria,Beijing CNBG - BBIBP-CorV,CIGB - CIGB-66,Gamaleya - Gam-Covid-Vac,Moderna - Spikevax,Pfizer BioNTech - Comirnaty",3/8/2021,6,15320992,15.74
Wallis and Futuna,WLF,WPRO,REPORTING,4/14/2022,16426,6592,146.061,58.616,6633,58.981,Moderna - Spikevax,3/19/2021,1,3201,28.463
Yemen,YEM,EMRO,REPORTING,4/19/2022,821853,656957,2.755,2.203,418785,1.404,"AstraZeneca - Vaxzevria,Beijing CNBG - BBIBP-CorV,Bharat - Covaxin,CanSino - Convidecia,Gamaleya - Gam-Covid-Vac,Gamaleya - Sputnik-Light,Janssen - Ad26.COV 2-S,Moderna - Spikevax,Pfizer BioNTech - Comirnaty,SII - Covishield,Sinovac - CoronaVac",4/20/2021,11,,
Zambia,ZMB,AFRO,REPORTING,5/8/2022,3750417,3240892,20.4,17.629,2333446,12.693,"Beijing CNBG - BBIBP-CorV,Janssen - Ad26.COV 2-S,SII - Covishield",4/14/2021,3,95513,0.52
Zimbabwe,ZWE,AFRO,REPORTING,5/8/2022,10350000,5894358,69.636,39.658,3776489,25.409,"Beijing CNBG - BBIBP-CorV,Bharat - Covaxin,Gamaleya - Gam-Covid-Vac,Sinovac - CoronaVac",2/18/2021,4,628615,4.229
